-4.2136,3.57,21827,0,1,0,0
-4.1793,3.6176,21891,0,1,0,0
-4.1435,3.6652,21924,0,1,0,0
-4.1076,3.7128,21958,0,1,0,0
-4.1027,3.7604,21991,0,1,0,0
-4.0962,3.808,22024,0,1,0,0
-4.0957,3.8556,22058,0,1,0,0
-4.1149,3.9032,22091,0,1,0,0
-4.1426,3.9508,22125,0,1,0,0
-4.1757,3.9984,22158,0,1,0,0
-4.2145,4.046,22191,0,1,0,0
-4.2421,4.0936,22225,0,1,0,0
-4.2707,4.1412,22258,0,1,0,0
-4.3059,4.1888,22291,0,1,0,0
-4.3435,4.2364,22325,0,1,0,0
-4.3748,4.284,22358,0,1,0,0
-4.4093,4.3316,22392,0,1,0,0
-4.4386,4.3792,22425,0,1,0,0
-4.4693,4.4268,22458,0,1,0,0
-4.5083,4.4744,22492,0,1,0,0
-4.5482,4.522,22525,0,1,0,0
-4.5811,4.5696,22558,0,1,0,0
-4.6324,4.6172,22592,0,1,0,0
-4.6787,4.6648,22625,0,1,0,0
-4.7252,4.7124,22659,0,1,0,0
-4.7721,4.76,22692,0,1,0,0
-4.8056,4.8076,22725,0,1,0,0
-4.8339,4.8552,22759,0,1,0,0
-4.8535,4.9028,22792,0,1,0,0
-4.8597,4.9504,22825,0,1,0,0
-4.8689,4.998,22859,0,1,0,0
-4.8945,5.0456,22892,0,1,0,0
-4.9154,5.0932,22925,0,1,0,0
-4.9431,5.1408,22959,0,1,0,0
-4.969,5.1884,22992,0,1,0,0
-4.994,5.236,23025,0,1,0,0
-5.0278,5.2836,23059,0,1,0,0
-5.059,5.3312,23092,0,1,0,0
-5.086,5.3788,23126,0,1,0,0
-5.1163,5.4264,23159,0,1,0,0
-5.131,5.474,23192,0,1,0,0
-5.1537,5.5216,23226,0,1,0,0
-5.178,5.5692,23259,0,1,0,0
-5.2017,5.6168,23292,0,1,0,0
-5.2335,5.6644,23326,0,1,0,0
-5.2565,5.712,23359,0,1,0,0
-5.2705,5.7596,23392,0,1,0,0
-5.2895,5.8072,23426,0,1,0,0
-5.3072,5.8548,23459,0,1,0,0
-5.3216,5.9024,23493,0,1,0,0
-5.3353,5.95,23526,0,1,0,0
-5.3456,5.9976,23560,0,1,0,0
-5.3666,6.0452,23593,0,1,0,0
-5.3893,6.0928,23626,0,1,0,0
-5.4018,6.1404,23659,0,1,0,0
-5.4102,6.188,23693,0,1,0,0
-5.4107,6.2356,23726,0,1,0,0
-5.4012,0,23760,0,1,0,0
-5.3916,0.0476,23793,0,1,0,0
-5.3953,0.0952,23826,0,1,0,0
-5.4065,0.1428,23860,0,1,0,0
-5.4123,0.1904,23893,0,1,0,0
-5.4127,0.238,23927,0,1,0,0
-5.4115,0.2856,23960,0,1,0,0
-5.4115,0.3332,23993,0,1,0,0
-5.4148,0.3808,24026,0,1,0,0
-5.4166,0.4284,24060,0,1,0,0
-5.4093,0.476,24093,0,1,0,0
-5.3947,0.5236,24127,0,1,0,0
-5.3745,0.5712,24160,0,1,0,0
-5.3617,0.6188,24193,0,1,0,0
-5.3483,0.6664,24227,0,1,0,0
-5.3191,0.714,24260,0,1,0,0
-5.2873,0.7616,24293,0,1,0,0
-5.2397,0.8092,24327,0,1,0,0
-5.2013,0.8568,24360,0,1,0,0
-5.1552,0.9044,24393,0,1,0,0
-5.1123,0.952,24427,0,1,0,0
-5.0816,0.9996,24460,0,1,0,0
-5.037,1.0472,24494,0,1,0,0
-4.9963,1.0948,24527,0,1,0,0
-4.9375,1.1424,24561,0,1,0,0
-4.8966,1.19,24594,0,1,0,0
-4.8553,1.2376,24627,0,1,0,0
-4.805,1.2852,24660,0,1,0,0
-4.7477,1.3328,24694,0,1,0,0
-4.7172,1.3804,24727,0,1,0,0
-4.6792,1.428,24761,0,1,0,0
-4.6404,1.4756,24794,0,1,0,0
-4.6077,1.5232,24827,0,1,0,0
-4.5708,1.5708,24861,0,1,0,0
-4.5405,1.6184,24894,0,1,0,0
-4.5146,1.666,24927,0,1,0,0
-4.503,1.7136,24961,0,1,0,0
-4.4709,1.7612,24995,0,1,0,0
-4.4421,1.8088,25027,0,1,0,0
-4.4249,1.8564,25061,0,1,0,0
-4.4093,1.904,25094,0,1,0,0
-4.3883,1.9516,25128,0,1,0,0
-4.3749,1.9992,25161,0,1,0,0
-4.3617,2.0468,25194,0,1,0,0
-4.3467,2.0944,25228,0,1,0,0
-4.3342,2.142,25261,0,1,0,0
-4.3235,2.1896,25294,0,1,0,0
-4.3173,2.2372,25328,0,1,0,0
-4.3157,2.2848,25361,0,1,0,0
-4.3111,2.3324,25395,0,1,0,0
-4.3061,2.38,25428,0,1,0,0
-4.3043,2.4276,25461,0,1,0,0
-4.2994,2.4752,25495,0,1,0,0
-4.2899,2.5228,25528,0,1,0,0
-4.2851,2.5704,25561,0,1,0,0
-4.2437,2.618,25595,0,1,0,0
-4.2217,2.6656,25628,0,1,0,0
-4.2072,2.7132,25662,0,1,0,0
-4.1922,2.7608,25695,0,1,0,0
-4.183,2.8084,25728,0,1,0,0
-4.1671,2.856,25762,0,1,0,0
-4.1509,2.9036,25795,0,1,0,0
-4.1427,2.9512,25828,0,1,0,0
-4.141,2.9988,25862,0,1,0,0
-4.1412,3.0464,25895,0,1,0,0
-4.1328,3.094,25928,0,1,0,0
-4.1309,3.1416,25962,0,1,0,0
-4.1299,3.1892,25995,0,1,0,0
-4.1226,3.2368,26028,0,1,0,0
-4.1145,3.2844,26062,0,1,0,0
-4.1065,3.332,26096,0,1,0,0
-4.1029,3.3796,26129,0,1,0,0
-4.1051,3.4272,26162,0,1,0,0
-4.105,3.4748,26195,0,1,0,0
-4.1035,3.5224,26229,0,1,0,0
-4.1081,3.57,26262,0,1,0,0
-4.1229,3.6176,26296,0,1,0,0
-4.1349,3.6652,26329,0,1,0,0
-4.1434,3.7128,26362,0,1,0,0
-4.159,3.7604,26396,0,1,0,0
-4.1737,3.808,26429,0,1,0,0
-4.189,3.8556,26462,0,1,0,0
-4.2076,3.9032,26496,0,1,0,0
-4.2084,3.9508,26529,0,1,0,0
-4.2234,3.9984,26563,0,1,0,0
-4.2491,4.046,26596,0,1,0,0
-4.2752,4.0936,26629,0,1,0,0
-4.3039,4.1412,26662,0,1,0,0
-4.3225,4.1888,26696,0,1,0,0
-4.3556,4.2364,26729,0,1,0,0
-4.3806,4.284,26763,0,1,0,0
-4.428,4.3316,26796,0,1,0,0
-4.4709,4.3792,26829,0,1,0,0
-4.4992,4.4268,26863,0,1,0,0
-4.5293,4.4744,26896,0,1,0,0
-4.5623,4.522,26929,0,1,0,0
-4.6047,4.5696,26963,0,1,0,0
-4.6463,4.6172,26996,0,1,0,0
-4.6866,4.6648,27030,0,1,0,0
-4.733,4.7124,27063,0,1,0,0
-4.7629,4.76,27096,0,1,0,0
-4.796,4.8076,27130,0,0,0,0
-4.8314,4.8552,27163,0,0,0,0
-4.8688,4.9028,27196,0,0,0,0
-4.9005,4.9504,27230,0,0,0,0
-4.943,4.998,27263,0,0,0,0
-4.9859,5.0456,27297,0,0,0,0
-5.0149,5.0932,27330,0,0,0,0
-5.0342,5.1408,27363,0,0,0,0
-5.0586,5.1884,27397,0,0,0,0
-5.0666,5.236,27430,0,0,0,0
-5.0817,5.2836,27463,0,0,0,0
-5.1117,5.3312,27497,0,0,0,0
-5.1383,5.3788,27530,0,0,0,0
-5.1568,5.4264,27564,0,0,0,0
-5.1764,5.474,27597,0,0,0,0
-5.2038,5.5216,27630,0,0,0,0
-5.2223,5.5692,27663,0,0,0,0
-5.2427,5.6168,27697,0,0,0,0
-5.257,5.6644,27731,0,0,0,0
-5.2714,5.712,27764,0,0,0,0
-5.2949,5.7596,27797,0,0,0,0
-5.3131,5.8072,27830,0,0,0,0
-5.3282,5.8548,27864,0,0,0,0
-5.3435,5.9024,27897,0,0,0,0
-5.3626,5.95,27930,0,0,0,0
-5.3764,5.9976,27964,0,0,0,0
-5.3835,6.0452,27997,0,0,0,0
-5.3952,6.0928,28031,0,0,0,0
-5.4097,6.1404,28064,0,0,0,0
-5.4239,6.188,28097,0,0,0,0
-5.4342,6.2356,28131,0,0,0,0
-5.4421,0,28164,0,0,0,0
-5.4529,0.0483,28197,0,0,0,0
-5.4572,0.0967,28231,0,0,0,0
-5.4614,0.145,28264,0,0,0,0
-5.4576,0.1933,28298,0,0,0,0
-5.455,0.2417,28331,0,0,0,0
-5.4484,0.29,28365,0,0,0,0
-5.4461,0.3383,28398,0,0,0,0
-5.449,0.3867,28431,0,0,0,0
-5.4534,0.435,28465,0,0,0,0
-5.455,0.4833,28498,0,0,0,0
-5.4333,0.5317,28531,0,0,0,0
-5.4199,0.58,28564,0,0,0,0
-5.4129,0.6283,28598,0,0,0,0
-5.3952,0.6767,28631,0,0,0,0
-5.3543,0.725,28665,0,0,0,0
-5.3119,0.7733,28698,0,0,0,0
-5.2808,0.8216,28731,0,0,0,0
-5.2322,0.87,28765,0,0,0,0
-5.1909,0.9183,28798,0,0,0,0
-5.1431,0.9666,28832,0,0,0,0
-5.1019,1.015,28865,0,0,0,0
-5.0445,1.0633,28898,0,0,0,0
-5.0032,1.1116,28932,0,0,0,0
-4.9674,1.16,28965,0,0,0,0
-4.9251,1.2083,28998,0,0,0,0
-4.8987,1.2566,29032,0,0,0,0
-4.8547,1.305,29065,0,0,0,0
-4.8147,1.3533,29098,0,0,0,0
-4.7876,1.4016,29132,0,0,0,0
-4.7373,1.45,29165,0,0,0,0
-4.69,1.4983,29198,0,0,0,0
-4.6454,1.5466,29232,0,0,0,0
-4.6062,1.595,29265,0,0,0,0
-4.5644,1.6433,29299,0,0,0,0
-4.5231,1.6916,29332,0,0,0,0
-4.492,1.74,29365,0,0,0,0
-4.4619,1.7883,29399,0,0,0,0
-4.4318,1.8366,29432,0,0,0,0
-4.419,1.885,29465,0,0,0,0
-4.4047,1.9333,29499,0,0,0,0
-4.3725,1.9816,29532,0,0,0,0
-4.3585,2.03,29565,0,0,0,0
-4.3402,2.0783,29599,0,0,0,0
-4.3301,2.1266,29632,0,0,0,0
-4.3236,2.1749,29666,0,0,0,0
-4.3174,2.2233,29699,0,0,0,0
-4.3146,2.2716,29732,0,0,0,0
-4.3076,2.3199,29766,0,0,0,0
-4.3012,2.3683,29799,0,0,0,0
-4.304,2.4166,29832,0,0,0,0
-4.3108,2.4649,29866,0,0,0,0
-4.3167,2.5133,29899,0,0,0,0
-4.3139,2.5616,29932,0,0,0,0
-4.3137,2.6099,29966,0,0,0,0
-4.3167,2.6583,29999,0,0,0,0
-4.3074,2.7066,30033,0,0,0,0
-4.2958,2.7549,30066,0,0,0,0
-4.261,2.8033,30099,0,0,0,0
-4.2226,2.8516,30133,0,0,0,0
-4.2135,2.8999,30166,0,0,0,0
-4.1972,2.9483,30200,0,0,0,0
-4.1875,2.9966,30233,0,0,0,0
-4.1676,3.0449,30266,0,0,0,0
-4.1566,3.0933,30300,0,0,0,0
-4.1388,3.1416,30333,0,0,0,0
-4.138,3.1899,30366,0,0,0,0
-4.1402,3.2383,30400,0,0,0,0
-4.1378,3.2866,30433,0,0,0,0
-4.1376,3.3349,30466,0,0,0,0
-4.1384,3.3833,30500,0,0,0,0
-4.1362,3.4316,30533,0,0,0,0
-4.1278,3.4799,30566,0,0,0,0
-4.119,3.5283,30600,0,0,0,0
-4.1091,3.5766,30634,0,0,0,0
-4.1031,3.6249,30667,0,0,0,0
-4.0941,3.6732,30700,0,0,0,0
-4.0885,3.7216,30733,0,0,0,0
-4.0912,3.7699,30767,0,0,0,0
-4.1135,3.8182,30800,0,0,0,0
-4.1405,3.8666,30834,0,0,0,0
-4.1698,3.9149,30867,0,0,0,0
-4.1927,3.9632,30900,0,0,0,0
-4.2249,4.0116,30934,0,0,0,0
-4.2544,4.0599,30967,0,0,0,0
-4.2599,4.1082,31000,0,0,0,0
-4.2556,4.1566,31034,0,0,0,0
-4.2745,4.2049,31067,0,0,0,0
-4.2987,4.2532,31100,0,0,0,0
-4.3286,4.3016,31134,0,0,0,0
-4.3603,4.3499,31167,0,0,0,0
-4.3825,4.3982,31200,0,0,0,0
-4.4099,4.4466,31234,0,0,0,0
-4.4421,4.4949,31267,0,0,0,0
-4.4742,4.5432,31301,0,0,0,0
-4.509,4.5916,31335,0,0,0,0
-4.5494,4.6399,31367,0,0,0,0
-4.5829,4.6882,31401,0,0,0,0
-4.6114,4.7366,31434,0,0,0,0
-4.6403,4.7849,31467,0,0,0,0
-4.6687,4.8332,31501,0,0,0,0
-4.7002,4.8816,31534,0,0,0,0
-4.7308,4.9299,31568,0,0,0,0
-4.7532,4.9782,31601,0,0,0,0
-4.7829,5.0265,31635,0,0,0,0
-4.8163,5.0749,31668,0,0,0,0
-4.8447,5.1232,31701,0,0,0,0
-4.8771,5.1715,31735,0,0,0,0
-4.9213,5.2199,31768,0,0,0,0
-4.9441,5.2682,31801,0,0,0,0
-4.964,5.3165,31834,0,0,0,0
-4.9769,5.3649,31868,0,0,0,0
-4.979,5.4132,31901,0,0,0,0
-4.9942,5.4615,31935,0,0,0,0
-5.0142,5.5099,31968,0,0,0,0
-5.0344,5.5582,32001,0,0,0,0
-5.0567,5.6065,32035,0,0,0,0
-5.0766,5.6549,32068,0,0,0,0
-5.0982,5.7032,32101,0,0,0,0
-5.1315,5.7515,32135,0,0,0,0
-5.1613,5.7999,32168,0,0,0,0
-5.1941,5.8482,32201,0,0,0,0
-5.2236,5.8965,32235,0,0,0,0
-5.2397,5.9449,32268,0,0,0,0
-5.2526,5.9932,32302,0,0,0,0
-5.2703,6.0415,32335,0,0,0,0
-5.2878,6.0899,32368,0,0,0,0
-5.3112,6.1382,32402,0,0,0,0
-5.3219,6.1865,32435,0,0,0,0
-5.3324,6.2349,32468,0,0,0,0
-5.347,0,32502,0,0,0,0
-5.3506,0.048,32535,0,0,0,0
-5.3515,0.0959,32569,0,0,0,0
-5.3592,0.1439,32602,0,0,0,0
-5.3599,0.1919,32635,0,0,0,0
-5.3572,0.2398,32669,0,0,0,0
-5.3612,0.2878,32702,0,0,0,0
-5.3376,0.3357,32736,0,0,0,0
-5.3164,0.3837,32769,0,0,0,0
-5.2986,0.4317,32802,0,0,0,0
-5.2788,0.4796,32836,0,0,0,0
-5.2576,0.5276,32869,0,0,0,0
-5.2286,0.5756,32903,0,1,0,0
-5.1918,0.6235,32936,0,1,0,0
-5.1455,0.6715,32969,0,1,0,0
-5.1117,0.7194,33002,0,1,0,0
-5.0811,0.7674,33036,0,1,0,0
-5.0262,0.8154,33069,0,1,0,0
-4.9659,0.8633,33102,0,1,0,0
-4.9241,0.9113,33136,0,1,0,0
-4.8916,0.9593,33169,0,1,0,0
-4.833,1.0072,33203,0,1,0,0
-4.7993,1.0552,33236,0,1,0,0
-4.7808,1.1032,33269,0,1,0,0
-4.7626,1.1511,33303,0,1,0,0
-4.7291,1.1991,33336,0,1,0,0
-4.7302,1.247,33369,0,1,0,0
-4.6664,1.295,33403,0,1,0,0
-4.6552,1.343,33436,0,1,0,0
-4.6086,1.3909,33469,0,1,0,0
-4.6147,1.4389,33503,0,1,0,0
-4.6236,1.4869,33536,0,1,0,0
-4.598,1.5348,33570,0,1,0,0
-4.5279,1.5828,33603,0,1,0,0
-4.4513,1.6308,33637,0,1,0,0
-4.4426,1.6787,33670,0,1,0,0
-4.4319,1.7267,33703,0,1,0,0
-4.4162,1.7746,33736,0,1,0,0
-4.3844,1.8226,33770,0,1,0,0
-4.3447,1.8706,33803,0,1,0,0
-4.3249,1.9185,33837,0,1,0,0
-4.3386,1.9665,33870,0,1,0,0
-4.3413,2.0145,33903,0,1,0,0
-4.3069,2.0624,33937,0,1,0,0
-4.2899,2.1104,33970,0,1,0,0
-4.2841,2.1583,34003,0,1,0,0
-4.2885,2.2063,34037,0,1,0,0
-4.272,2.2543,34070,0,1,0,0
-4.2611,2.3022,34104,0,1,0,0
-4.2525,2.3502,34137,0,1,0,0
-4.2434,2.3982,34170,0,1,0,0
-4.2395,2.4461,34204,0,1,0,0
-4.2325,2.4941,34237,0,1,0,0
-4.229,2.5421,34271,0,1,0,0
-4.2333,2.59,34304,0,1,0,0
-4.229,2.638,34337,0,1,0,0
-4.2282,2.6859,34370,0,1,0,0
-4.2279,2.7339,34404,0,1,0,0
-4.2253,2.7819,34437,0,1,0,0
-4.2236,2.8298,34470,0,1,0,0
-4.2167,2.8778,34504,0,1,0,0
-4.1801,2.9258,34538,0,1,0,0
-4.1594,2.9737,34571,0,1,0,0
-4.1412,3.0217,34604,0,1,0,0
-4.1316,3.0696,34637,0,1,0,0
-4.1209,3.1176,34671,0,1,0,0
-4.1065,3.1656,34704,0,1,0,0
-4.0979,3.2135,34737,0,1,0,0
-4.0907,3.2615,34771,0,1,0,0
-4.0913,3.3095,34805,0,1,0,0
-4.0961,3.3574,34838,0,1,0,0
-4.0919,3.4054,34871,0,1,0,0
-4.0919,3.4534,34904,0,1,0,0
-4.0919,3.5013,34938,0,1,0,0
-4.0919,3.5493,34971,0,1,0,0
-4.0915,3.5972,35004,0,1,0,0
-4.091,3.6452,35038,0,1,0,0
-4.0946,3.6932,35071,0,1,0,0
-4.1043,3.7411,35104,0,1,0,0
-4.1102,3.7891,35138,0,1,0,0
-4.1194,3.8371,35172,0,1,0,0
-4.1376,3.885,35205,0,1,0,0
-4.1605,3.933,35238,0,1,0,0
-4.1865,3.9809,35271,0,0,0,0
-4.2363,4.0289,35305,0,0,0,0
-4.2773,4.0769,35338,0,0,0,0
-4.3087,4.1248,35372,0,0,0,0
-4.3234,4.1728,35405,0,0,0,0
-4.3198,4.2208,35438,0,0,0,0
-4.3176,4.2687,35472,0,0,0,0
-4.3383,4.3167,35505,0,0,0,0
-4.3681,4.3647,35538,0,0,0,0
-4.3957,4.4126,35572,0,0,0,0
-4.4181,4.4606,35605,0,0,0,0
-4.4322,4.5085,35638,0,0,0,0
-4.4607,4.5565,35672,0,0,0,0
-4.4908,4.6045,35705,0,0,0,0
-4.5319,4.6524,35739,0,0,0,0
-4.5635,4.7004,35772,0,0,0,0
-4.6032,4.7484,35806,0,0,0,0
-4.6315,4.7963,35839,0,0,0,0
-4.6587,4.8443,35872,0,0,0,0
-4.6819,4.8923,35906,0,0,0,0
-4.7116,4.9402,35939,0,0,0,0
-4.7423,4.9882,35972,0,0,0,0
-4.7696,5.0361,36005,0,0,0,0
-4.7939,5.0841,36039,0,0,0,0
-4.8205,5.1321,36072,0,0,0,0
-4.8513,5.18,36106,0,0,0,0
-4.8786,5.228,36139,0,0,0,0
-4.9036,5.276,36172,0,0,0,0
-4.9356,5.3239,36206,0,0,0,0
-4.9673,5.3719,36239,0,0,0,0
-4.9911,5.4198,36272,0,0,0,0
-5.0181,5.4678,36306,0,0,0,0
-5.0235,5.5158,36339,0,0,0,0
-5.024,5.5637,36372,0,0,0,0
-5.0427,5.6117,36406,0,0,0,0
-5.0613,5.6597,36439,0,0,0,0
-5.0838,5.7076,36473,0,0,0,0
-5.1048,5.7556,36506,0,0,0,0
-5.1297,5.8036,36539,0,0,0,0
-5.1536,5.8515,36573,0,0,0,0
-5.1772,5.8995,36606,0,0,0,0
-5.2144,5.9474,36639,0,0,0,0
-5.2319,5.9954,36673,0,0,0,0
-5.242,6.0434,36706,0,0,0,0
-5.2567,6.0913,36740,0,0,0,0
-5.2793,6.1393,36773,0,0,0,0
-5.3,6.1873,36806,0,0,0,0
-5.3163,6.2352,36840,0,0,0,0
-5.3273,0,36873,0,0,0,0
-5.344,0.0491,36906,0,0,0,0
-5.3546,0.0982,36940,0,0,0,0
-5.3639,0.1473,36973,0,0,0,0
-5.3712,0.1963,37006,0,0,0,0
-5.3732,0.2454,37040,0,0,0,0
-5.3768,0.2945,37073,0,0,0,0
-5.3773,0.3436,37107,0,0,0,0
-5.372,0.3927,37140,0,0,0,0
-5.3597,0.4418,37173,0,0,0,0
-5.3476,0.4909,37207,0,0,0,0
-5.3081,0.54,37240,0,0,0,0
-5.2663,0.589,37273,0,0,0,0
-5.2137,0.6381,37307,0,0,0,0
-5.176,0.6872,37340,0,0,0,0
-5.1411,0.7363,37374,0,0,0,0
-5.11,0.7854,37407,0,0,0,0
-5.0699,0.8345,37440,0,0,0,0
-5.0108,0.8836,37474,0,0,0,0
-4.97,0.9327,37507,0,0,0,0
-4.9343,0.9817,37541,0,0,0,0
-4.9033,1.0308,37574,0,0,0,0
-4.8713,1.0799,37607,0,0,0,0
-4.8377,1.129,37641,0,0,0,0
-4.8075,1.1781,37674,0,0,0,0
-4.7606,1.2272,37707,0,0,0,0
-4.7277,1.2763,37741,0,0,0,0
-4.697,1.3254,37774,0,0,0,0
-4.6656,1.3744,37808,0,0,0,0
-4.6357,1.4235,37841,0,0,0,0
-4.6032,1.4726,37874,0,0,0,0
-4.5661,1.5217,37908,0,0,0,0
-4.544,1.5708,37941,0,0,0,0
-4.5222,1.6199,37974,0,0,0,0
-4.5091,1.669,38008,0,0,0,0
-4.5006,1.7181,38041,0,0,0,0
-4.4945,1.7671,38074,0,0,0,0
-4.4766,1.8162,38108,0,0,0,0
-4.4685,1.8653,38141,0,0,0,0
-4.4281,1.9144,38175,0,0,0,0
-4.3888,1.9635,38208,0,0,0,0
-4.3723,2.0126,38241,0,0,0,0
-4.3591,2.0617,38274,0,0,0,0
-4.3361,2.1108,38308,0,0,0,0
-4.3167,2.1598,38341,0,0,0,0
-4.3106,2.2089,38374,0,0,0,0
-4.2894,2.258,38408,0,0,0,0
-4.2857,2.3071,38441,0,0,0,0
-4.2879,2.3562,38475,0,0,0,0
-4.2847,2.4053,38508,0,0,0,0
-4.2745,2.4544,38541,0,0,0,0
-4.2727,2.5035,38575,0,0,0,0
-4.2683,2.5525,38608,0,0,0,0
-4.2592,2.6016,38641,0,0,0,0
-4.2526,2.6507,38675,0,0,0,0
-4.239,2.6998,38708,0,0,0,0
-4.2342,2.7489,38742,0,0,0,0
-4.226,2.798,38775,0,0,0,0
-4.2153,2.8471,38809,0,0,0,0
-4.2108,2.8962,38842,0,0,0,0
-4.2106,2.9452,38875,0,0,0,0
-4.2118,2.9943,38908,0,0,0,0
-4.2041,3.0434,38942,0,0,0,0
-4.2069,3.0925,38975,0,0,0,0
-4.2057,3.1416,39009,0,0,0,0
-4.1937,3.1907,39042,0,0,0,0
-4.1945,3.2398,39075,0,0,0,0
-4.1736,3.2889,39109,0,0,0,0
-4.1334,3.3379,39142,0,0,0,0
-4.1196,3.387,39175,0,0,0,0
-4.1029,3.4361,39209,0,0,0,0
-4.0879,3.4852,39242,0,0,0,0
-4.0811,3.5343,39275,0,0,0,0
-4.0781,3.5834,39309,0,0,0,0
-4.0835,3.6325,39342,0,0,0,0
-4.0962,3.6816,39376,0,0,0,0
-4.135,3.7306,39409,0,0,0,0
-4.1573,3.7797,39442,0,0,0,0
-4.1822,3.8288,39476,0,0,0,0
-4.2112,3.8779,39509,0,0,0,0
-4.2405,3.927,39543,0,0,0,0
-4.265,3.9761,39576,0,0,0,0
-4.2882,4.0252,39609,0,0,0,0
-4.3173,4.0743,39643,0,0,0,0
-4.345,4.1233,39676,0,0,0,0
-4.3787,4.1724,39709,0,0,0,0
-4.4153,4.2215,39743,0,0,0,0
-4.4433,4.2706,39776,0,0,0,0
-4.4666,4.3197,39809,0,0,0,0
-4.4954,4.3688,39843,0,0,0,0
-4.5293,4.4179,39876,0,0,0,0
-4.5677,4.467,39909,0,0,0,0
-4.6132,4.516,39943,0,0,0,0
-4.6415,4.5651,39976,0,0,0,0
-4.6586,4.6142,40010,0,0,0,0
-4.6586,4.6633,40043,0,0,0,0
-4.6586,4.7124,40076,0,0,0,0
-4.6764,4.7615,40110,0,0,0,0
-4.7004,4.8106,40143,0,0,0,0
-4.7196,4.8597,40176,0,0,0,0
-4.7496,4.9087,40210,0,0,0,0
-4.7744,4.9578,40243,0,0,0,0
-4.8013,5.0069,40277,0,0,0,0
-4.8288,5.056,40310,0,0,0,0
-4.8603,5.1051,40343,0,0,0,0
-4.8802,5.1542,40377,0,0,0,0
-4.9041,5.2033,40410,0,0,0,0
-4.9282,5.2524,40443,0,0,0,0
-4.9542,5.3014,40477,0,0,0,0
-4.9704,5.3505,40510,0,0,0,0
-5.0001,5.3996,40543,0,0,0,0
-5.03,5.4487,40577,0,0,0,0
-5.0543,5.4978,40610,0,0,0,0
-5.0736,5.5469,40644,0,0,0,0
-5.0907,5.596,40677,0,0,0,0
-5.1198,5.645,40710,0,0,0,0
-5.1375,5.6941,40744,0,0,0,0
-5.1481,5.7432,40777,0,0,0,0
-5.1688,5.7923,40811,0,0,0,0
-5.1953,5.8414,40844,0,0,0,0
-5.2134,5.8905,40877,0,0,0,0
-5.2346,5.9396,40910,0,0,0,0
-5.2437,5.9887,40944,0,0,0,0
-5.2411,6.0377,40977,0,0,0,0
-5.2516,6.0868,41011,0,0,0,0
-5.2589,6.1359,41044,0,1,0,0
-5.2716,6.185,41077,0,1,0,0
-5.2895,6.2341,41111,0,1,0,0
-5.3064,0,41144,0,1,0,0
-5.3206,0.0495,41177,0,1,0,0
-5.3157,0.0989,41211,0,1,0,0
-5.3436,0.1484,41244,0,1,0,0
-5.331,0.1979,41278,0,1,0,0
-5.3384,0.2474,41311,0,1,0,0
-5.3394,0.2968,41344,0,1,0,0
-5.3414,0.3463,41378,0,1,0,0
-5.3575,0.3958,41411,0,1,0,0
-5.3486,0.4453,41444,0,1,0,0
-5.3372,0.4947,41478,0,1,0,0
-5.3376,0.5442,41511,0,1,0,0
-5.3018,0.5937,41545,0,1,0,0
-5.2917,0.6432,41578,0,1,0,0
-5.2649,0.6926,41611,0,1,0,0
-5.2317,0.7421,41645,0,1,0,0
-5.1472,0.7916,41678,0,1,0,0
-5.0827,0.8411,41711,0,1,0,0
-4.9929,0.8905,41745,0,1,0,0
-4.9672,0.94,41778,0,1,0,0
-4.9396,0.9895,41812,0,1,0,0
-4.8914,1.039,41845,0,1,0,0
-4.8209,1.0884,41878,0,1,0,0
-4.7489,1.1379,41912,0,1,0,0
-4.74,1.1874,41945,0,1,0,0
-4.6994,1.2368,41978,0,1,0,0
-4.6743,1.2863,42012,0,1,0,0
-4.6194,1.3358,42045,0,1,0,0
-4.5578,1.3853,42079,0,1,0,0
-4.5225,1.4347,42112,0,1,0,0
-4.51,1.4842,42145,0,1,0,0
-4.4982,1.5337,42179,0,1,0,0
-4.4494,1.5832,42212,0,1,0,0
-4.4208,1.6326,42245,0,1,0,0
-4.4037,1.6821,42279,0,1,0,0
-4.3865,1.7316,42312,0,1,0,0
-4.3723,1.7811,42345,0,1,0,0
-4.359,1.8305,42379,0,1,0,0
-4.3416,1.88,42412,0,1,0,0
-4.3311,1.9295,42445,0,1,0,0
-4.3258,1.979,42479,0,1,0,0
-4.32,2.0284,42512,0,1,0,0
-4.3222,2.0779,42545,0,1,0,0
-4.3263,2.1274,42579,0,0,0,0
-4.3255,2.1769,42612,0,0,0,0
-4.3265,2.2263,42646,0,0,0,0
-4.3283,2.2758,42679,0,0,0,0
-4.3275,2.3253,42712,0,0,0,0
-4.3226,2.3747,42746,0,0,0,0
-4.3041,2.4242,42779,0,0,0,0
-4.254,2.4737,42813,0,0,0,0
-4.2372,2.5232,42846,0,0,0,0
-4.228,2.5726,42879,0,0,0,0
-4.216,2.6221,42913,0,0,0,0
-4.1975,2.6716,42946,0,0,0,0
-4.1864,2.7211,42979,0,0,0,0
-4.1751,2.7705,43013,0,0,0,0
-4.1664,2.82,43046,0,0,0,0
-4.1716,2.8695,43079,0,0,0,0
-4.1651,2.919,43113,0,0,0,0
-4.1493,2.9684,43146,0,0,0,0
-4.1404,3.0179,43179,0,0,0,0
-4.1356,3.0674,43213,0,0,0,0
-4.1248,3.1169,43246,0,0,0,0
-4.1099,3.1663,43280,0,0,0,0
-4.1018,3.2158,43313,0,0,0,0
-4.0918,3.2653,43346,0,0,0,0
-4.0905,3.3148,43380,0,0,0,0
-4.0892,3.3642,43413,0,0,0,0
-4.0887,3.4137,43446,0,0,0,0
-4.0909,3.4632,43480,0,0,0,0
-4.0974,3.5126,43513,0,0,0,0
-4.1048,3.5621,43547,0,0,0,0
-4.1158,3.6116,43580,0,0,0,0
-4.1219,3.6611,43613,0,0,0,0
-4.1298,3.7105,43647,0,0,0,0
-4.1404,3.76,43680,0,0,0,0
-4.1286,3.8095,43713,0,0,0,0
-4.1265,3.859,43747,0,0,0,0
-4.1346,3.9084,43780,0,0,0,0
-4.1438,3.9579,43813,0,0,0,0
-4.1595,4.0074,43847,0,0,0,0
-4.1686,4.0569,43880,0,0,0,0
-4.1814,4.1063,43914,0,0,0,0
-4.1923,4.1558,43947,0,0,0,0
-4.2194,4.2053,43981,0,0,0,0
-4.2522,4.2548,44014,0,0,0,0
-4.2787,4.3042,44047,0,0,0,0
-4.296,4.3537,44080,0,0,0,0
-4.3177,4.4032,44114,0,0,0,0
-4.3297,4.4527,44147,0,0,0,0
-4.3501,4.5021,44180,0,0,0,0
-4.3709,4.5516,44214,0,0,0,0
-4.3962,4.6011,44247,0,0,0,0
-4.4212,4.6505,44281,0,0,0,0
-4.44,4.7,44314,0,0,0,0
-4.466,4.7495,44347,0,0,0,0
-4.4926,4.799,44381,0,0,0,0
-4.5206,4.8484,44414,0,0,0,0
-4.5498,4.8979,44447,0,0,0,0
-4.5815,4.9474,44481,0,0,0,0
-4.6141,4.9969,44515,0,0,0,0
-4.6366,5.0463,44548,0,0,0,0
-4.6584,5.0958,44581,0,0,0,0
-4.6633,5.1453,44614,0,0,0,0
-4.6674,5.1948,44648,0,0,0,0
-4.6823,5.2442,44681,0,0,0,0
-4.7076,5.2937,44714,0,0,0,0
-4.7349,5.3432,44748,0,0,0,0
-4.7601,5.3927,44781,0,0,0,0
-4.7821,5.4421,44815,0,0,0,0
-4.8071,5.4916,44848,0,0,0,0
-4.835,5.5411,44881,0,0,0,0
-4.8582,5.5906,44915,0,0,0,0
-4.8734,5.64,44948,0,0,0,0
-4.8938,5.6895,44981,0,0,0,0
-4.9108,5.739,45015,0,0,0,0
-4.935,5.7884,45048,0,0,0,0
-4.9577,5.8379,45081,0,0,0,0
-4.982,5.8874,45115,0,0,0,0
-5.0062,5.9369,45148,0,0,0,0
-5.0285,5.9863,45181,0,0,0,0
-5.0513,6.0358,45215,0,0,0,0
-5.0692,6.0853,45249,0,0,0,0
-5.0815,6.1348,45282,0,0,0,0
-5.0894,6.1842,45315,0,0,0,0
-5.116,6.2337,45348,0,0,0,0
-5.1339,0,45382,0,0,0,0
-5.1455,0.0503,45415,0,0,0,0
-5.1534,0.1005,45449,0,0,0,0
-5.1491,0.1508,45482,0,0,0,0
-5.1269,0.2011,45515,0,0,0,0
-5.1231,0.2513,45549,0,0,0,0
-5.1229,0.3016,45582,0,0,0,0
-5.123,0.3519,45615,0,0,0,0
-5.1127,0.4021,45649,0,0,0,0
-5.0971,0.4524,45682,0,0,0,0
-5.0767,0.5027,45715,0,0,0,0
-5.0528,0.5529,45749,0,0,0,0
-5.0308,0.6032,45782,0,0,0,0
-4.9974,0.6535,45816,0,0,0,0
-4.9529,0.7037,45849,0,0,0,0
-4.9134,0.754,45882,0,0,0,0
-4.8734,0.8042,45916,0,0,0,0
-4.8331,0.8545,45949,0,0,0,0
-4.8026,0.9048,45982,0,0,0,0
-4.7614,0.955,46016,0,0,0,0
-4.7218,1.0053,46049,0,0,0,0
-4.6896,1.0556,46082,0,0,0,0
-4.6453,1.1058,46116,0,0,0,0
-4.6143,1.1561,46149,0,0,0,0
-4.5827,1.2064,46183,0,0,0,0
-4.549,1.2566,46216,0,0,0,0
-4.5346,1.3069,46249,0,0,0,0
-4.5229,1.3572,46283,0,0,0,0
-4.5106,1.4074,46316,0,0,0,0
-4.4943,1.4577,46349,0,0,0,0
-4.4412,1.508,46383,0,0,0,0
-4.4093,1.5582,46416,0,0,0,0
-4.3869,1.6085,46450,0,0,0,0
-4.3691,1.6588,46483,0,0,0,0
-4.3448,1.709,46516,0,0,0,0
-4.321,1.7593,46550,0,0,0,0
-4.3078,1.8096,46583,0,0,0,0
-4.2863,1.8598,46617,0,0,0,0
-4.2767,1.9101,46650,0,0,0,0
-4.2741,1.9604,46683,0,0,0,0
-4.2609,2.0106,46716,0,0,0,0
-4.2456,2.0609,46750,0,0,0,0
-4.2417,2.1112,46783,0,0,0,0
-4.2379,2.1614,46817,0,0,0,0
-4.229,2.2117,46850,0,0,0,0
-4.2201,2.2619,46883,0,0,0,0
-4.2129,2.3122,46917,0,0,0,0
-4.2063,2.3625,46950,0,0,0,0
-4.1974,2.4127,46983,0,0,0,0
-4.1907,2.463,47017,0,0,0,0
-4.1899,2.5133,47050,0,0,0,0
-4.1906,2.5635,47083,0,0,0,0
-4.1899,2.6138,47117,0,0,0,0
-4.1884,2.6641,47150,0,0,0,0
-4.1902,2.7143,47184,0,0,0,0
-4.1879,2.7646,47217,0,0,0,0
-4.1849,2.8149,47250,0,0,0,0
-4.1785,2.8651,47284,0,0,0,0
-4.1395,2.9154,47317,0,0,0,0
-4.1206,2.9657,47351,0,0,0,0
-4.1075,3.0159,47384,0,0,0,0
-4.0957,3.0662,47417,0,0,0,0
-4.0855,3.1165,47451,0,0,0,0
-4.0692,3.1667,47484,0,0,0,0
-4.0602,3.217,47517,0,0,0,0
-4.0524,3.2673,47551,0,0,0,0
-4.056,3.3175,47584,0,0,0,0
-4.0594,3.3678,47617,0,0,0,0
-4.0546,3.4181,47651,0,0,0,0
-4.0546,3.4683,47684,0,0,0,0
-4.0581,3.5186,47717,0,0,0,0
-4.0575,3.5688,47751,0,0,0,0
-4.0554,3.6191,47784,0,0,0,0
-4.056,3.6694,47818,0,0,0,0
-4.067,3.7196,47851,0,0,0,0
-4.0844,3.7699,47884,0,0,0,0
-4.1245,3.8202,47918,0,0,0,0
-4.1752,3.8704,47951,0,0,0,0
-4.2264,3.9207,47985,0,0,0,0
-4.2442,3.971,48018,0,0,0,0
-4.2507,4.0212,48051,0,0,0,0
-4.2683,4.0715,48085,0,0,0,0
-4.2858,4.1218,48118,0,0,0,0
-4.3142,4.172,48152,0,0,0,0
-4.3375,4.2223,48185,0,0,0,0
-4.3445,4.2726,48218,0,0,0,0
-4.3423,4.3228,48251,0,0,0,0
-4.3614,4.3731,48285,0,0,0,0
-4.3748,4.4234,48318,0,0,0,0
-4.3991,4.4736,48352,0,1,0,0
-4.4238,4.5239,48385,0,1,0,0
-4.4507,4.5742,48418,0,1,0,0
-4.4697,4.6244,48452,0,1,0,0
-4.494,4.6747,48485,0,1,0,0
-4.508,4.725,48518,0,1,0,0
-4.5412,4.7752,48552,0,1,0,0
-4.551,4.8255,48585,0,1,0,0
-4.5758,4.8758,48618,0,1,0,0
-4.5893,4.926,48652,0,1,0,0
-4.5967,4.9763,48685,0,1,0,0
-4.6606,5.0265,48719,0,1,0,0
-4.6836,5.0768,48752,0,1,0,0
-4.7258,5.1271,48785,0,1,0,0
-4.76,5.1773,48819,0,1,0,0
-4.7738,5.2276,48852,0,1,0,0
-4.8109,5.2779,48885,0,1,0,0
-4.8291,5.3281,48919,0,1,0,0
-4.8718,5.3784,48952,0,1,0,0
-4.9002,5.4287,48986,0,1,0,0
-4.9201,5.4789,49019,0,1,0,0
-4.9023,5.5292,49052,0,1,0,0
-4.947,5.5795,49086,0,1,0,0
-4.9613,5.6297,49119,0,1,0,0
-4.9593,5.68,49152,0,1,0,0
-4.9583,5.7303,49186,0,1,0,0
-4.96,5.7805,49219,0,1,0,0
-5.0037,5.8308,49253,0,1,0,0
-5.0242,5.8811,49286,0,1,0,0
-5.0545,5.9313,49319,0,1,0,0
-5.0575,5.9816,49353,0,1,0,0
-5.0657,6.0319,49386,0,1,0,0
-5.1028,6.0821,49419,0,1,0,0
-5.1219,6.1324,49453,0,1,0,0
-5.1519,6.1827,49486,0,1,0,0
-5.15,6.2329,49519,0,1,0,0
-5.1625,0,49553,0,1,0,0
-5.1718,0.0472,49586,0,1,0,0
-5.1792,0.0945,49619,0,1,0,0
-5.1865,0.1417,49653,0,1,0,0
-5.1894,0.189,49686,0,1,0,0
-5.1904,0.2362,49720,0,1,0,0
-5.1837,0.2835,49753,0,1,0,0
-5.1797,0.3307,49786,0,1,0,0
-5.1665,0.3779,49820,0,1,0,0
-5.1477,0.4252,49853,0,1,0,0
-5.133,0.4724,49886,0,1,0,0
-5.1113,0.5197,49920,0,1,0,0
-5.0768,0.5669,49953,0,1,0,0
-5.0416,0.6141,49987,0,0,0,0
-4.9994,0.6614,50020,0,0,0,0
-4.9287,0.7086,50054,0,0,0,0
-4.887,0.7559,50087,0,0,0,0
-4.8424,0.8031,50120,0,0,0,0
-4.8141,0.8504,50153,0,0,0,0
-4.78,0.8976,50187,0,0,0,0
-4.7313,0.9448,50220,0,0,0,0
-4.6976,0.9921,50253,0,0,0,0
-4.6672,1.0393,50287,0,0,0,0
-4.6488,1.0866,50320,0,0,0,0
-4.6234,1.1338,50354,0,0,0,0
-4.5932,1.181,50387,0,0,0,0
-4.5559,1.2283,50421,0,0,0,0
-4.5252,1.2755,50454,0,0,0,0
-4.5071,1.3228,50487,0,0,0,0
-4.4814,1.37,50521,0,0,0,0
-4.4662,1.4173,50554,0,0,0,0
-4.4422,1.4645,50587,0,0,0,0
-4.4194,1.5117,50621,0,0,0,0
-4.4006,1.559,50654,0,0,0,0
-4.3736,1.6062,50687,0,0,0,0
-4.3668,1.6535,50721,0,0,0,0
-4.3639,1.7007,50754,0,0,0,0
-4.353,1.748,50788,0,0,0,0
-4.3501,1.7952,50821,0,0,0,0
-4.3455,1.8424,50854,0,0,0,0
-4.3355,1.8897,50887,0,0,0,0
-4.3301,1.9369,50921,0,0,0,0
-4.3128,1.9842,50954,0,0,0,0
-4.2747,2.0314,50988,0,0,0,0
-4.2638,2.0786,51021,0,0,0,0
-4.2514,2.1259,51054,0,0,0,0
-4.2364,2.1731,51088,0,0,0,0
-4.225,2.2204,51121,0,0,0,0
-4.2189,2.2676,51154,0,0,0,0
-4.2107,2.3149,51188,0,0,0,0
-4.2024,2.3621,51221,0,0,0,0
-4.204,2.4093,51254,0,0,0,0
-4.2051,2.4566,51288,0,0,0,0
-4.1938,2.5038,51321,0,0,0,0
-4.193,2.5511,51355,0,0,0,0
-4.1891,2.5983,51388,0,0,0,0
-4.1805,2.6456,51422,0,0,0,0
-4.1752,2.6928,51455,0,0,0,0
-4.1681,2.74,51488,0,0,0,0
-4.1623,2.7873,51522,0,0,0,0
-4.1563,2.8345,51555,0,0,0,0
-4.1533,2.8818,51588,0,0,0,0
-4.1466,2.929,51622,0,0,0,0
-4.144,2.9762,51655,0,0,0,0
-4.1459,3.0235,51688,0,0,0,0
-4.1423,3.0707,51722,0,0,0,0
-4.142,3.118,51755,0,0,0,0
-4.1412,3.1652,51788,0,0,0,0
-4.1342,3.2125,51822,0,0,0,0
-4.1307,3.2597,51855,0,0,0,0
-4.1111,3.3069,51889,0,0,0,0
-4.0737,3.3542,51922,0,0,0,0
-4.0551,3.4014,51955,0,0,0,0
-4.0434,3.4487,51989,0,0,0,0
-4.0397,3.4959,52022,0,0,0,0
-4.0411,3.5431,52055,0,0,0,0
-4.0514,3.5904,52089,0,0,0,0
-4.0718,3.6376,52122,0,0,0,0
-4.0831,3.6849,52155,0,0,0,0
-4.1001,3.7321,52189,0,0,0,0
-4.1212,3.7794,52222,0,0,0,0
-4.143,3.8266,52256,0,0,0,0
-4.1732,3.8738,52289,0,0,0,0
-4.2077,3.9211,52322,0,0,0,0
-4.2349,3.9683,52356,0,0,0,0
-4.2588,4.0156,52389,0,0,0,0
-4.2786,4.0628,52422,0,0,0,0
-4.316,4.1101,52456,0,0,0,0
-4.359,4.1573,52489,0,0,0,0
-4.3942,4.2045,52522,0,0,0,0
-4.4316,4.2518,52556,0,0,0,0
-4.4716,4.299,52589,0,0,0,0
-4.5177,4.3463,52623,0,0,0,0
-4.5513,4.3935,52656,0,0,0,0
-4.5859,4.4407,52689,0,0,0,0
-4.6398,4.488,52723,0,0,0,0
-4.6687,4.5352,52756,0,0,0,0
-4.7039,4.5825,52790,0,0,0,0
-4.7283,4.6297,52823,0,0,0,0
-4.7399,4.677,52856,0,0,0,0
-4.7557,4.7242,52889,0,0,0,0
-4.7817,4.7714,52923,0,0,0,0
-4.8183,4.8187,52956,0,0,0,0
-4.8523,4.8659,52990,0,0,0,0
-4.8749,4.9132,53023,0,0,0,0
-4.9093,4.9604,53056,0,0,0,0
-4.9436,5.0077,53090,0,0,0,0
-4.9791,5.0549,53123,0,0,0,0
-5.0161,5.1021,53156,0,0,0,0
-5.0381,5.1494,53190,0,0,0,0
-5.0583,5.1966,53223,0,0,0,0
-5.0894,5.2439,53257,0,0,0,0
-5.1246,5.2911,53290,0,0,0,0
-5.1574,5.3383,53323,0,0,0,0
-5.1881,5.3856,53357,0,0,0,0
-5.2239,5.4328,53390,0,0,0,0
-5.2463,5.4801,53423,0,0,0,0
-5.2652,5.5273,53457,0,0,0,0
-5.289,5.5746,53490,0,0,0,0
-5.3129,5.6218,53523,0,0,0,0
-5.3312,5.669,53557,0,0,0,0
-5.3494,5.7163,53590,0,0,0,0
-5.3768,5.7635,53624,0,0,0,0
-5.409,5.8108,53657,0,0,0,0
-5.4195,5.858,53690,0,0,0,0
-5.4421,5.9052,53724,0,0,0,0
-5.4525,5.9525,53757,0,0,0,0
-5.4644,5.9997,53790,0,0,0,0
-5.5026,6.047,53824,0,0,0,0
-5.5259,6.0942,53857,0,0,0,0
-5.5467,6.1415,53891,0,0,0,0
-5.5606,6.1887,53924,0,0,0,0
-5.5656,6.2359,53957,0,0,0,0
-5.5791,0,53991,0,0,0,0
-5.598,0.0483,54024,0,0,0,0
-5.6107,0.0967,54057,0,0,0,0
-5.6039,0.145,54091,0,0,0,0
-5.5928,0.1933,54124,0,0,0,0
-5.5807,0.2417,54157,0,0,0,0
-5.5726,0.29,54191,0,0,0,0
-5.5697,0.3383,54224,0,0,0,0
-5.5629,0.3867,54258,0,0,0,0
-5.5456,0.435,54291,0,0,0,0
-5.5189,0.4833,54325,0,0,0,0
-5.5021,0.5317,54358,0,0,0,0
-5.4726,0.58,54391,0,0,0,0
-5.43,0.6283,54425,0,0,0,0
-5.3829,0.6767,54458,0,0,0,0
-5.3325,0.725,54492,0,0,0,0
-5.3024,0.7733,54525,0,0,0,0
-5.2622,0.8216,54558,0,0,0,0
-5.2274,0.87,54592,0,0,0,0
-5.1842,0.9183,54625,0,0,0,0
-5.1037,0.9666,54658,0,0,0,0
-5.0555,1.015,54692,0,0,0,0
-5.0194,1.0633,54725,0,0,0,0
-4.9877,1.1116,54758,0,0,0,0
-4.9381,1.16,54792,0,0,0,0
-4.8978,1.2083,54825,0,0,0,0
-4.8426,1.2566,54859,0,0,0,0
-4.8048,1.305,54892,0,0,0,0
-4.7871,1.3533,54925,0,0,0,0
-4.7603,1.4016,54959,0,0,0,0
-4.7191,1.45,54992,0,0,0,0
-4.6868,1.4983,55025,0,0,0,0
-4.6479,1.5466,55059,0,0,0,0
-4.6128,1.595,55092,0,0,0,0
-4.578,1.6433,55125,0,0,0,0
-4.5509,1.6916,55158,0,0,0,0
-4.5232,1.74,55192,0,0,0,0
-4.5012,1.7883,55225,0,0,0,0
-4.4694,1.8366,55259,0,0,0,0
-4.4512,1.885,55292,0,0,0,0
-4.4303,1.9333,55325,0,0,0,0
-4.4166,1.9816,55359,0,0,0,0
-4.4061,2.03,55392,0,0,0,0
-4.4032,2.0783,55425,0,0,0,0
-4.4053,2.1266,55459,0,0,0,0
-4.4011,2.1749,55492,0,0,0,0
-4.3919,2.2233,55526,0,0,0,0
-4.3614,2.2716,55559,0,0,0,0
-4.3223,2.3199,55593,0,0,0,0
-4.3131,2.3683,55626,0,0,0,0
-4.2991,2.4166,55659,0,0,0,0
-4.2834,2.4649,55692,0,0,0,0
-4.2731,2.5133,55726,0,0,0,0
-4.2581,2.5616,55759,0,1,0,0
-4.2401,2.6099,55793,0,1,0,0
-4.2314,2.6583,55826,0,1,0,0
-4.2289,2.7066,55859,0,1,0,0
-4.2181,2.7549,55893,0,1,0,0
-4.176,2.8033,55927,0,1,0,0
-4.1921,2.8516,55959,0,1,0,0
-4.182,2.8999,55993,0,1,0,0
-4.1836,2.9483,56026,0,1,0,0
-4.1566,2.9966,56059,0,1,0,0
-4.1405,3.0449,56093,0,1,0,0
-4.1355,3.0933,56126,0,1,0,0
-4.1428,3.1416,56160,0,1,0,0
-4.1379,3.1899,56193,0,1,0,0
-4.1681,3.2383,56226,0,1,0,0
-4.1501,3.2866,56260,0,1,0,0
-4.1362,3.3349,56293,0,1,0,0
-4.1339,3.3833,56326,0,1,0,0
-4.1805,3.4316,56360,0,1,0,0
-4.1747,3.4799,56393,0,1,0,0
-4.162,3.5283,56426,0,1,0,0
-4.1118,3.5766,56460,0,1,0,0
-4.1069,3.6249,56493,0,1,0,0
-4.0841,3.6732,56527,0,1,0,0
-4.0902,3.7216,56560,0,1,0,0
-4.0962,3.7699,56594,0,1,0,0
-4.064,3.8182,56627,0,1,0,0
-4.1052,3.8666,56660,0,1,0,0
-4.1499,3.9149,56694,0,1,0,0
-4.1849,3.9632,56727,0,1,0,0
-4.1951,4.0116,56760,0,1,0,0
-4.2184,4.0599,56794,0,1,0,0
-4.2388,4.1082,56827,0,1,0,0
-4.2832,4.1566,56861,0,1,0,0
-4.3213,4.2049,56894,0,1,0,0
-4.35,4.2532,56927,0,1,0,0
-4.3704,4.3016,56960,0,1,0,0
-4.4016,4.3499,56994,0,1,0,0
-4.4326,4.3982,57027,0,1,0,0
-4.467,4.4466,57060,0,1,0,0
-4.5182,4.4949,57094,0,1,0,0
-4.5755,4.5432,57127,0,1,0,0
-4.617,4.5916,57161,0,1,0,0
-4.6434,4.6399,57194,0,1,0,0
-4.6682,4.6882,57227,0,1,0,0
-4.7039,4.7366,57261,0,1,0,0
-4.7348,4.7849,57294,0,1,0,0
-4.7632,4.8332,57327,0,1,0,0
-4.7855,4.8816,57361,0,1,0,0
-4.7891,4.9299,57395,0,0,0,0
-4.8091,4.9782,57427,0,0,0,0
-4.838,5.0265,57461,0,0,0,0
-4.8622,5.0749,57494,0,0,0,0
-4.8927,5.1232,57528,0,0,0,0
-4.9295,5.1715,57561,0,0,0,0
-4.9567,5.2199,57594,0,0,0,0
-4.9864,5.2682,57628,0,0,0,0
-5.0364,5.3165,57661,0,0,0,0
-5.0643,5.3649,57695,0,0,0,0
-5.087,5.4132,57728,0,0,0,0
-5.1153,5.4615,57761,0,0,0,0
-5.1408,5.5099,57794,0,0,0,0
-5.1675,5.5582,57828,0,0,0,0
-5.1947,5.6065,57861,0,0,0,0
-5.2244,5.6549,57895,0,0,0,0
-5.2489,5.7032,57928,0,0,0,0
-5.2696,5.7515,57962,0,0,0,0
-5.2948,5.7999,57995,0,0,0,0
-5.3198,5.8482,58029,0,0,0,0
-5.3374,5.8965,58061,0,0,0,0
-5.3536,5.9449,58095,0,0,0,0
-5.3768,5.9932,58128,0,0,0,0
-5.3997,6.0415,58162,0,0,0,0
-5.4123,6.0899,58195,0,0,0,0
-5.4166,6.1382,58228,0,0,0,0
-5.4133,6.1865,58262,0,0,0,0
-5.4215,6.2349,58295,0,0,0,0
-5.4312,0,58328,0,0,0,0
-5.4393,0.0487,58362,0,0,0,0
-5.4547,0.0974,58395,0,0,0,0
-5.4677,0.1461,58428,0,0,0,0
-5.464,0.1948,58462,0,0,0,0
-5.4596,0.2435,58495,0,0,0,0
-5.4578,0.2922,58529,0,0,0,0
-5.4427,0.3409,58562,0,0,0,0
-5.4286,0.3897,58596,0,0,0,0
-5.4101,0.4384,58629,0,0,0,0
-5.3939,0.4871,58662,0,0,0,0
-5.372,0.5358,58695,0,0,0,0
-5.3523,0.5845,58729,0,0,0,0
-5.3289,0.6332,58762,0,0,0,0
-5.3044,0.6819,58796,0,0,0,0
-5.2625,0.7306,58829,0,0,0,0
-5.2142,0.7793,58863,0,0,0,0
-5.1701,0.828,58896,0,0,0,0
-5.125,0.8767,58929,0,0,0,0
-5.0938,0.9254,58962,0,0,0,0
-5.0436,0.9741,58996,0,0,0,0
-4.9994,1.0228,59029,0,0,0,0
-4.9492,1.0716,59063,0,0,0,0
-4.9238,1.1203,59096,0,0,0,0
-4.8767,1.169,59129,0,0,0,0
-4.8193,1.2177,59163,0,0,0,0
-4.7866,1.2664,59196,0,0,0,0
-4.7424,1.3151,59230,0,0,0,0
-4.7116,1.3638,59263,0,0,0,0
-4.6775,1.4125,59296,0,0,0,0
-4.6429,1.4612,59329,0,0,0,0
-4.6087,1.5099,59363,0,0,0,0
-4.5834,1.5586,59396,0,0,0,0
-4.559,1.6073,59429,0,0,0,0
-4.5225,1.656,59463,0,0,0,0
-4.4975,1.7047,59496,0,0,0,0
-4.4682,1.7534,59530,0,0,0,0
-4.4444,1.8022,59563,0,0,0,0
-4.4248,1.8509,59596,0,0,0,0
-4.4133,1.8996,59630,0,0,0,0
-4.4021,1.9483,59663,0,0,0,0
-4.389,1.997,59697,0,0,0,0
-4.3753,2.0457,59730,0,0,0,0
-4.368,2.0944,59763,0,0,0,0
-4.3566,2.1431,59797,0,0,0,0
-4.356,2.1918,59830,0,0,0,0
-4.3452,2.2405,59863,0,0,0,0
-4.344,2.2892,59897,0,0,0,0
-4.3446,2.3379,59930,0,0,0,0
-4.3384,2.3866,59963,0,0,0,0
-4.3308,2.4353,59997,0,0,0,0
-4.3222,2.4841,60030,0,0,0,0
-4.2866,2.5328,60064,0,0,0,0
-4.269,2.5815,60097,0,0,0,0
-4.2592,2.6302,60130,0,0,0,0
-4.2436,2.6789,60164,0,0,0,0
-4.2319,2.7276,60197,0,0,0,0
-4.2238,2.7763,60230,0,0,0,0
-4.2166,2.825,60264,0,0,0,0
-4.2049,2.8737,60297,0,0,0,0
-4.2092,2.9224,60330,0,0,0,0
-4.208,2.9711,60364,0,0,0,0
-4.1958,3.0198,60397,0,0,0,0
-4.1888,3.0685,60431,0,0,0,0
-4.1869,3.1172,60464,0,0,0,0
-4.1771,3.1659,60498,0,0,0,0
-4.1618,3.2147,60531,0,0,0,0
-4.1453,3.2634,60564,0,0,0,0
-4.1368,3.3121,60597,0,0,0,0
-4.1269,3.3608,60631,0,0,0,0
-4.1208,3.4095,60664,0,0,0,0
-4.1182,3.4582,60698,0,0,0,0
-4.124,3.5069,60731,0,0,0,0
-4.1277,3.5556,60764,0,0,0,0
-4.1291,3.6043,60798,0,0,0,0
-4.1377,3.653,60831,0,0,0,0
-4.1413,3.7017,60864,0,0,0,0
-4.1495,3.7504,60898,0,0,0,0
-4.1687,3.7991,60931,0,0,0,0
-4.1698,3.8478,60964,0,0,0,0
-4.1703,3.8965,60998,0,0,0,0
-4.1849,3.9453,61031,0,0,0,0
-4.2063,3.994,61065,0,0,0,0
-4.2235,4.0427,61098,0,0,0,0
-4.2441,4.0914,61131,0,0,0,0
-4.2679,4.1401,61165,0,0,0,0
-4.2846,4.1888,61198,0,0,0,0
-4.3117,4.2375,61232,0,0,0,0
-4.3418,4.2862,61265,0,0,0,0
-4.3662,4.3349,61298,0,0,0,0
-4.3901,4.3836,61331,0,0,0,0
-4.4202,4.4323,61365,0,0,0,0
-4.4557,4.481,61398,0,0,0,0
-4.4814,4.5297,61432,0,0,0,0
-4.5138,4.5784,61465,0,0,0,0
-4.5344,4.6272,61498,0,0,0,0
-4.5594,4.6759,61532,0,0,0,0
-4.5826,4.7246,61565,0,0,0,0
-4.612,4.7733,61599,0,0,0,0
-4.6483,4.822,61632,0,0,0,0
-4.6686,4.8707,61665,0,0,0,0
-4.696,4.9194,61699,0,0,0,0
-4.7403,4.9681,61732,0,0,0,0
-4.7683,5.0168,61766,0,0,0,0
-4.7944,5.0655,61799,0,0,0,0
-4.8172,5.1142,61832,0,0,0,0
-4.8208,5.1629,61865,0,0,0,0
-4.8335,5.2116,61899,0,0,0,0
-4.8536,5.2603,61932,0,0,0,0
-4.8706,5.309,61966,0,0,0,0
-4.8971,5.3578,61999,0,0,0,0
-4.9228,5.4065,62032,0,0,0,0
-4.9398,5.4552,62066,0,0,0,0
-4.957,5.5039,62099,0,0,0,0
-4.9763,5.5526,62133,0,0,0,0
-5.0015,5.6013,62166,0,0,0,0
-5.0196,5.65,62199,0,0,0,0
-5.0287,5.6987,62232,0,0,0,0
-5.0483,5.7474,62266,0,0,0,0
-5.0605,5.7961,62299,0,0,0,0
-5.0777,5.8448,62333,0,0,0,0
-5.0979,5.8935,62366,0,0,0,0
-5.1185,5.9422,62399,0,0,0,0
-5.1258,5.9909,62433,0,0,0,0
-5.1363,6.0397,62466,0,0,0,0
-5.1507,6.0884,62499,0,0,0,0
-5.1685,6.1371,62533,0,0,0,0
-5.1741,6.1858,62566,0,0,0,0
-5.1844,6.2345,62599,0,0,0,0
-5.2021,0,62633,0,0,0,0
-5.2183,0.0487,62666,0,0,0,0
-5.2271,0.0974,62700,0,0,0,0
-5.2258,0.1461,62733,0,0,0,0
-5.2215,0.1948,62766,0,0,0,0
-5.2234,0.2435,62800,0,0,0,0
-5.2238,0.2922,62833,0,0,0,0
-5.23,0.3409,62866,0,0,0,0
-5.2353,0.3897,62900,0,0,0,0
-5.2415,0.4384,62933,0,0,0,0
-5.239,0.4871,62967,0,0,0,0
-5.2257,0.5358,63000,0,0,0,0
-5.2078,0.5845,63033,0,0,0,0
-5.1709,0.6332,63067,0,0,0,0
-5.119,0.6819,63100,0,0,0,0
-5.0757,0.7306,63133,0,0,0,0
-5.0374,0.7793,63167,0,1,0,0
-5.0056,0.828,63200,0,1,0,0
-4.9696,0.8767,63233,0,1,0,0
-4.9308,0.9254,63267,0,1,0,0
-4.8992,0.9741,63300,0,1,0,0
-4.8195,1.0228,63334,0,1,0,0
-4.8013,1.0716,63367,0,1,0,0
-4.7545,1.1203,63401,0,1,0,0
-4.7194,1.169,63434,0,1,0,0
-4.6708,1.2177,63467,0,1,0,0
-4.6543,1.2664,63500,0,1,0,0
-4.6487,1.3151,63534,0,1,0,0
-4.6452,1.3638,63567,0,1,0,0
-4.6173,1.4125,63600,0,1,0,0
-4.5834,1.4612,63634,0,1,0,0
-4.5272,1.5099,63668,0,1,0,0
-4.4778,1.5586,63701,0,1,0,0
-4.4624,1.6073,63734,0,1,0,0
-4.4688,1.656,63768,0,1,0,0
-4.4461,1.7047,63801,0,1,0,0
-4.4007,1.7534,63834,0,1,0,0
-4.3257,1.8022,63867,0,1,0,0
-4.3386,1.8509,63901,0,1,0,0
-4.3381,1.8996,63934,0,1,0,0
-4.3248,1.9483,63968,0,1,0,0
-4.3058,1.997,64001,0,1,0,0
-4.2603,2.0457,64035,0,1,0,0
-4.2588,2.0944,64068,0,1,0,0
-4.262,2.1431,64101,0,1,0,0
-4.2633,2.1918,64134,0,1,0,0
-4.2313,2.2405,64168,0,1,0,0
-4.222,2.2892,64201,0,1,0,0
-4.2169,2.3379,64235,0,1,0,0
-4.2222,2.3866,64268,0,1,0,0
-4.2145,2.4353,64301,0,1,0,0
-4.2085,2.4841,64335,0,1,0,0
-4.2042,2.5328,64368,0,1,0,0
-4.2027,2.5815,64401,0,1,0,0
-4.2091,2.6302,64435,0,1,0,0
-4.2071,2.6789,64468,0,1,0,0
-4.2046,2.7276,64502,0,1,0,0
-4.193,2.7763,64535,0,1,0,0
-4.1537,2.825,64568,0,1,0,0
-4.1355,2.8737,64602,0,0,0,0
-4.1284,2.9224,64635,0,0,0,0
-4.1167,2.9711,64668,0,0,0,0
-4.0993,3.0198,64702,0,0,0,0
-4.0896,3.0685,64735,0,0,0,0
-4.085,3.1172,64768,0,0,0,0
-4.0792,3.1659,64802,0,0,0,0
-4.0791,3.2147,64835,0,0,0,0
-4.0796,3.2634,64869,0,0,0,0
-4.0731,3.3121,64902,0,0,0,0
-4.0755,3.3608,64935,0,0,0,0
-4.0782,3.4095,64969,0,0,0,0
-4.0732,3.4582,65002,0,0,0,0
-4.0714,3.5069,65035,0,0,0,0
-4.0735,3.5556,65069,0,0,0,0
-4.0781,3.6043,65102,0,0,0,0
-4.0802,3.653,65135,0,0,0,0
-4.0835,3.7017,65169,0,0,0,0
-4.1007,3.7504,65202,0,0,0,0
-4.1499,3.7991,65236,0,0,0,0
-4.1983,3.8478,65269,0,0,0,0
-4.2355,3.8965,65303,0,0,0,0
-4.2637,3.9453,65336,0,0,0,0
-4.2811,3.994,65369,0,0,0,0
-4.3032,4.0427,65403,0,0,0,0
-4.3398,4.0914,65436,0,0,0,0
-4.3662,4.1401,65469,0,0,0,0
-4.3712,4.1888,65502,0,0,0,0
-4.3943,4.2375,65536,0,0,0,0
-4.4164,4.2862,65570,0,0,0,0
-4.4406,4.3349,65603,0,0,0,0
-4.4719,4.3836,65636,0,0,0,0
-4.5117,4.4323,65670,0,0,0,0
-4.5496,4.481,65703,0,0,0,0
-4.5909,4.5297,65736,0,0,0,0
-4.6478,4.5784,65769,0,0,0,0
-4.674,4.6272,65803,0,0,0,0
-4.7004,4.6759,65836,0,0,0,0
-4.7361,4.7246,65869,0,0,0,0
-4.7662,4.7733,65903,0,0,0,0
-4.7965,4.822,65937,0,0,0,0
-4.8296,4.8707,65970,0,0,0,0
-4.8611,4.9194,66003,0,0,0,0
-4.8834,4.9681,66037,0,0,0,0
-4.9081,5.0168,66070,0,0,0,0
-4.9336,5.0655,66103,0,0,0,0
-4.958,5.1142,66136,0,0,0,0
-4.9853,5.1629,66170,0,0,0,0
-5.0065,5.2116,66203,0,0,0,0
-5.0316,5.2603,66237,0,0,0,0
-5.0608,5.309,66270,0,0,0,0
-5.0814,5.3578,66303,0,0,0,0
-5.1035,5.4065,66337,0,0,0,0
-5.1172,5.4552,66370,0,0,0,0
-5.1162,5.5039,66403,0,0,0,0
-5.1253,5.5526,66437,0,0,0,0
-5.1401,5.6013,66470,0,0,0,0
-5.1591,5.65,66504,0,0,0,0
-5.1763,5.6987,66537,0,0,0,0
-5.192,5.7474,66570,0,0,0,0
-5.2002,5.7961,66604,0,0,0,0
-5.2077,5.8448,66637,0,0,0,0
-5.2277,5.8935,66670,0,0,0,0
-5.2443,5.9422,66704,0,0,0,0
-5.2476,5.9909,66737,0,0,0,0
-5.2486,6.0397,66771,0,0,0,0
-5.2619,6.0884,66804,0,0,0,0
-5.2701,6.1371,66837,0,0,0,0
-5.2755,6.1858,66871,0,0,0,0
-5.2933,6.2345,66904,0,0,0,0
-5.303,0,66937,0,0,0,0
-5.3033,0.0469,66971,0,0,0,0
-5.3074,0.0938,67004,0,0,0,0
-5.321,0.1407,67037,0,0,0,0
-5.3199,0.1876,67071,0,0,0,0
-5.3244,0.2344,67104,0,0,0,0
-5.3374,0.2813,67137,0,0,0,0
-5.3426,0.3282,67171,0,0,0,0
-5.342,0.3751,67204,0,0,0,0
-5.3353,0.422,67238,0,0,0,0
-5.3181,0.4689,67271,0,0,0,0
-5.324,0.5158,67304,0,0,0,0
-5.317,0.5627,67338,0,0,0,0
-5.2986,0.6096,67371,0,0,0,0
-5.2678,0.6565,67404,0,0,0,0
-5.2222,0.7033,67438,0,0,0,0
-5.1879,0.7502,67471,0,0,0,0
-5.1417,0.7971,67505,0,0,0,0
-5.117,0.844,67538,0,0,0,0
-5.0971,0.8909,67571,0,0,0,0
-5.047,0.9378,67605,0,0,0,0
-4.9969,0.9847,67638,0,0,0,0
-4.9384,1.0316,67672,0,0,0,0
-4.9038,1.0785,67705,0,0,0,0
-4.8693,1.1253,67738,0,0,0,0
-4.8436,1.1722,67772,0,0,0,0
-4.8169,1.2191,67805,0,0,0,0
-4.789,1.266,67838,0,0,0,0
-4.7486,1.3129,67872,0,0,0,0
-4.7144,1.3598,67905,0,0,0,0
-4.6878,1.4067,67938,0,0,0,0
-4.6604,1.4536,67972,0,0,0,0
-4.6191,1.5005,68005,0,0,0,0
-4.59,1.5474,68038,0,0,0,0
-4.567,1.5942,68072,0,0,0,0
-4.5523,1.6411,68105,0,0,0,0
-4.534,1.688,68138,0,0,0,0
-4.5088,1.7349,68172,0,0,0,0
-4.4577,1.7818,68206,0,0,0,0
-4.4252,1.8287,68239,0,0,0,0
-4.4036,1.8756,68272,0,0,0,0
-4.374,1.9225,68306,0,0,0,0
-4.3595,1.9694,68339,0,0,0,0
-4.3344,2.0162,68372,0,0,0,0
-4.3176,2.0631,68405,0,0,0,0
-4.3016,2.11,68439,0,0,0,0
-4.2955,2.1569,68472,0,0,0,0
-4.2869,2.2038,68506,0,0,0,0
-4.2702,2.2507,68539,0,0,0,0
-4.2636,2.2976,68572,0,0,0,0
-4.2569,2.3445,68606,0,0,0,0
-4.2421,2.3914,68639,0,0,0,0
-4.2345,2.4383,68672,0,0,0,0
-4.2266,2.4851,68706,0,0,0,0
-4.2211,2.532,68739,0,0,0,0
-4.2171,2.5789,68773,0,0,0,0
-4.2118,2.6258,68806,0,0,0,0
-4.2004,2.6727,68840,0,0,0,0
-4.2,2.7196,68873,0,0,0,0
-4.2063,2.7665,68906,0,0,0,0
-4.2054,2.8134,68939,0,0,0,0
-4.2005,2.8603,68973,0,0,0,0
-4.203,2.9071,69006,0,0,0,0
-4.2041,2.954,69039,0,0,0,0
-4.2074,3.0009,69073,0,0,0,0
-4.1994,3.0478,69106,0,0,0,0
-4.1649,3.0947,69140,0,0,0,0
-4.1404,3.1416,69173,0,0,0,0
-4.1324,3.1885,69206,0,0,0,0
-4.12,3.2354,69240,0,0,0,0
-4.1037,3.2823,69274,0,0,0,0
-4.0924,3.3292,69307,0,0,0,0
-4.0809,3.376,69340,0,0,0,0
-4.0754,3.4229,69374,0,0,0,0
-4.0783,3.4698,69407,0,0,0,0
-4.0776,3.5167,69440,0,0,0,0
-4.0734,3.5636,69474,0,0,0,0
-4.0723,3.6105,69507,0,0,0,0
-4.076,3.6574,69540,0,0,0,0
-4.073,3.7043,69573,0,0,0,0
-4.0738,3.7512,69607,0,0,0,0
-4.075,3.798,69640,0,0,0,0
-4.0894,3.8449,69673,0,0,0,0
-4.1303,3.8918,69707,0,0,0,0
-4.16,3.9387,69740,0,0,0,0
-4.1764,3.9856,69774,0,0,0,0
-4.1886,4.0325,69807,0,0,0,0
-4.2194,4.0794,69841,0,0,0,0
-4.253,4.1263,69874,0,0,0,0
-4.2849,4.1732,69907,0,0,0,0
-4.3304,4.22,69941,0,0,0,0
-4.3659,4.2669,69974,0,0,0,0
-4.3965,4.3138,70007,0,0,0,0
-4.4263,4.3607,70041,0,0,0,0
-4.436,4.4076,70074,0,0,0,0
-4.4437,4.4545,70107,0,0,0,0
-4.4647,4.5014,70141,0,0,0,0
-4.4904,4.5483,70174,0,0,0,0
-4.5284,4.5952,70208,0,0,0,0
-4.5644,4.6421,70241,0,0,0,0
-4.5945,4.6889,70274,0,0,0,0
-4.6268,4.7358,70307,0,0,0,0
-4.6572,4.7827,70341,0,0,0,0
-4.6879,4.8296,70375,0,0,0,0
-4.7168,4.8765,70407,0,1,0,0
-4.7494,4.9234,70441,0,1,0,0
-4.7829,4.9703,70475,0,1,0,0
-4.8171,5.0172,70508,0,1,0,0
-4.8386,5.0641,70541,0,1,0,0
-4.8515,5.1109,70574,0,1,0,0
-4.8862,5.1578,70608,0,1,0,0
-4.9021,5.2047,70641,0,1,0,0
-4.9197,5.2516,70675,0,1,0,0
-4.9204,5.2985,70708,0,1,0,0
-4.9695,5.3454,70742,0,1,0,0
-5.0174,5.3923,70775,0,1,0,0
-5.0436,5.4392,70808,0,1,0,0
-5.0817,5.4861,70842,0,1,0,0
-5.1075,5.533,70875,0,1,0,0
-5.1703,5.5798,70908,0,1,0,0
-5.1827,5.6267,70941,0,1,0,0
-5.2176,5.6736,70975,0,1,0,0
-5.2237,5.7205,71008,0,1,0,0
-5.2182,5.7674,71041,0,1,0,0
-5.2367,5.8143,71075,0,1,0,0
-5.2493,5.8612,71109,0,1,0,0
-5.2945,5.9081,71142,0,1,0,0
-5.3038,5.955,71175,0,1,0,0
-5.3208,6.0018,71208,0,1,0,0
-5.3632,6.0487,71242,0,1,0,0
-5.3894,6.0956,71275,0,1,0,0
-5.4356,6.1425,71309,0,1,0,0
-5.4526,6.1894,71342,0,1,0,0
-5.4425,6.2363,71375,0,1,0,0
-5.4398,0,71409,0,1,0,0
-5.4517,0.0511,71442,0,1,0,0
-5.4694,0.1022,71475,0,1,0,0
-5.4842,0.1532,71509,0,1,0,0
-5.472,0.2043,71542,0,1,0,0
-5.4612,0.2554,71575,0,1,0,0
-5.452,0.3065,71609,0,1,0,0
-5.4454,0.3576,71642,0,1,0,0
-5.4348,0.4087,71676,0,1,0,0
-5.4179,0.4597,71709,0,1,0,0
-5.397,0.5108,71742,0,1,0,0
-5.3695,0.5619,71776,0,1,0,0
-5.3351,0.613,71809,0,1,0,0
-5.3063,0.6641,71842,0,1,0,0
-5.2604,0.7152,71876,0,1,0,0
-5.1991,0.7662,71909,0,0,0,0
-5.1388,0.8173,71943,0,0,0,0
-5.1035,0.8684,71976,0,0,0,0
-5.0636,0.9195,72009,0,0,0,0
-5.0253,0.9706,72043,0,0,0,0
-4.9964,1.0217,72076,0,0,0,0
-4.9477,1.0727,72110,0,0,0,0
-4.9143,1.1238,72143,0,0,0,0
-4.8886,1.1749,72176,0,0,0,0
-4.8567,1.226,72210,0,0,0,0
-4.8204,1.2771,72243,0,0,0,0
-4.7845,1.3282,72276,0,0,0,0
-4.7484,1.3792,72310,0,0,0,0
-4.7196,1.4303,72343,0,0,0,0
-4.6926,1.4814,72376,0,0,0,0
-4.6619,1.5325,72410,0,0,0,0
-4.635,1.5836,72443,0,0,0,0
-4.6128,1.6346,72476,0,0,0,0
-4.5847,1.6857,72510,0,0,0,0
-4.556,1.7368,72543,0,0,0,0
-4.5312,1.7879,72576,0,0,0,0
-4.5118,1.839,72610,0,0,0,0
-4.4886,1.8901,72643,0,0,0,0
-4.4771,1.9411,72677,0,0,0,0
-4.4714,1.9922,72710,0,0,0,0
-4.4636,2.0433,72743,0,0,0,0
-4.4536,2.0944,72777,0,0,0,0
-4.4178,2.1455,72810,0,0,0,0
-4.3734,2.1966,72844,0,0,0,0
-4.3638,2.2476,72877,0,0,0,0
-4.339,2.2987,72910,0,0,0,0
-4.3207,2.3498,72943,0,0,0,0
-4.3067,2.4009,72977,0,0,0,0
-4.2851,2.452,73010,0,0,0,0
-4.2707,2.5031,73044,0,0,0,0
-4.2575,2.5541,73077,0,0,0,0
-4.2513,2.6052,73110,0,0,0,0
-4.2359,2.6563,73144,0,0,0,0
-4.2266,2.7074,73177,0,0,0,0
-4.2214,2.7585,73210,0,0,0,0
-4.2199,2.8096,73244,0,0,0,0
-4.2082,2.8606,73277,0,0,0,0
-4.195,2.9117,73310,0,0,0,0
-4.1886,2.9628,73344,0,0,0,0
-4.1818,3.0139,73377,0,0,0,0
-4.1749,3.065,73411,0,0,0,0
-4.1709,3.1161,73444,0,0,0,0
-4.1661,3.1671,73478,0,0,0,0
-4.1693,3.2182,73511,0,0,0,0
-4.1698,3.2693,73544,0,0,0,0
-4.1714,3.3204,73577,0,0,0,0
-4.1725,3.3715,73611,0,0,0,0
-4.1771,3.4225,73644,0,0,0,0
-4.1738,3.4736,73678,0,0,0,0
-4.1763,3.5247,73711,0,0,0,0
-4.1517,3.5758,73744,0,0,0,0
-4.1307,3.6269,73778,0,0,0,0
-4.1281,3.678,73811,0,0,0,0
-4.1265,3.729,73844,0,0,0,0
-4.1371,3.7801,73878,0,0,0,0
-4.1581,3.8312,73911,0,0,0,0
-4.1866,3.8823,73944,0,0,0,0
-4.2178,3.9334,73978,0,0,0,0
-4.2403,3.9845,74011,0,0,0,0
-4.2669,4.0355,74045,0,0,0,0
-4.2798,4.0866,74078,0,0,0,0
-4.3089,4.1377,74112,0,0,0,0
-4.341,4.1888,74145,0,0,0,0
-4.3681,4.2399,74178,0,0,0,0
-4.3937,4.291,74211,0,0,0,0
-4.4184,4.342,74245,0,0,0,0
-4.4509,4.3931,74278,0,0,0,0
-4.4776,4.4442,74311,0,0,0,0
-4.5108,4.4953,74345,0,0,0,0
-4.5417,4.5464,74378,0,0,0,0
-4.5744,4.5975,74412,0,0,0,0
-4.6091,4.6485,74445,0,0,0,0
-4.6428,4.6996,74478,0,0,0,0
-4.6767,4.7507,74512,0,0,0,0
-4.7104,4.8018,74545,0,0,0,0
-4.7443,4.8529,74578,0,0,0,0
-4.7631,4.9039,74612,0,0,0,0
-4.7593,4.955,74645,0,0,0,0
-4.7694,5.0061,74679,0,0,0,0
-4.7929,5.0572,74712,0,0,0,0
-4.8154,5.1083,74745,0,0,0,0
-4.8447,5.1594,74779,0,0,0,0
-4.8679,5.2104,74812,0,0,0,0
-4.8966,5.2615,74846,0,0,0,0
-4.9261,5.3126,74879,0,0,0,0
-4.9571,5.3637,74912,0,0,0,0
-4.9767,5.4148,74946,0,0,0,0
-4.9951,5.4659,74979,0,0,0,0
-5.0216,5.5169,75012,0,0,0,0
-5.0481,5.568,75046,0,0,0,0
-5.066,5.6191,75079,0,0,0,0
-5.0823,5.6702,75112,0,0,0,0
-5.1091,5.7213,75146,0,0,0,0
-5.1251,5.7724,75179,0,0,0,0
-5.1485,5.8234,75212,0,0,0,0
-5.1699,5.8745,75246,0,0,0,0
-5.1852,5.9256,75279,0,0,0,0
-5.2043,5.9767,75313,0,0,0,0
-5.2316,6.0278,75346,0,0,0,0
-5.2577,6.0789,75380,0,0,0,0
-5.2663,6.1299,75413,0,0,0,0
-5.2756,6.181,75446,0,0,0,0
-5.2935,6.2321,75479,0,0,0,0
-5.291,0,75513,0,0,0,0
-5.2947,0.048,75546,0,0,0,0
-5.3027,0.0959,75580,0,0,0,0
-5.3118,0.1439,75613,0,0,0,0
-5.3045,0.1919,75646,0,0,0,0
-5.2971,0.2398,75680,0,0,0,0
-5.2944,0.2878,75713,0,0,0,0
-5.2864,0.3357,75746,0,0,0,0
-5.2744,0.3837,75780,0,0,0,0
-5.2646,0.4317,75813,0,0,0,0
-5.2475,0.4796,75846,0,0,0,0
-5.2222,0.5276,75880,0,0,0,0
-5.1949,0.5756,75913,0,0,0,0
-5.1667,0.6235,75947,0,0,0,0
-5.127,0.6715,75980,0,0,0,0
-5.0949,0.7194,76013,0,0,0,0
-5.0576,0.7674,76047,0,0,0,0
-5.0241,0.8154,76080,0,0,0,0
-4.9973,0.8633,76113,0,0,0,0
-4.9441,0.9113,76147,0,0,0,0
-4.9004,0.9593,76180,0,0,0,0
-4.8463,1.0072,76214,0,0,0,0
-4.8132,1.0552,76247,0,0,0,0
-4.7952,1.1032,76280,0,0,0,0
-4.7762,1.1511,76314,0,0,0,0
-4.7466,1.1991,76347,0,0,0,0
-4.6928,1.247,76380,0,0,0,0
-4.6319,1.295,76414,0,0,0,0
-4.6032,1.343,76447,0,0,0,0
-4.5715,1.3909,76481,0,0,0,0
-4.5438,1.4389,76514,0,0,0,0
-4.5119,1.4869,76547,0,0,0,0
-4.4836,1.5348,76581,0,0,0,0
-4.4515,1.5828,76614,0,0,0,0
-4.4267,1.6308,76647,0,0,0,0
-4.4175,1.6787,76681,0,0,0,0
-4.397,1.7267,76714,0,0,0,0
-4.3705,1.7746,76747,0,0,0,0
-4.3447,1.8226,76781,0,0,0,0
-4.3314,1.8706,76814,0,0,0,0
-4.3176,1.9185,76848,0,0,0,0
-4.3032,1.9665,76881,0,0,0,0
-4.2877,2.0145,76914,0,0,0,0
-4.2785,2.0624,76948,0,0,0,0
-4.2703,2.1104,76981,0,0,0,0
-4.2577,2.1583,77014,0,0,0,0
-4.2578,2.2063,77048,0,0,0,0
-4.2584,2.2543,77081,0,0,0,0
-4.2518,2.3022,77114,0,0,0,0
-4.2498,2.3502,77148,0,0,0,0
-4.2491,2.3982,77181,0,0,0,0
-4.2436,2.4461,77215,0,0,0,0
-4.2459,2.4941,77248,0,0,0,0
-4.2345,2.5421,77281,0,0,0,0
-4.202,2.59,77315,0,0,0,0
-4.1835,2.638,77348,0,0,0,0
-4.1744,2.6859,77382,0,0,0,0
-4.1637,2.7339,77415,0,0,0,0
-4.1471,2.7819,77448,0,0,0,0
-4.138,2.8298,77481,0,0,0,0
-4.1275,2.8778,77515,0,0,0,0
-4.1214,2.9258,77548,0,0,0,0
-4.1246,2.9737,77582,0,0,0,0
-4.1204,3.0217,77615,0,0,0,0
-4.1087,3.0696,77649,0,0,0,0
-4.1057,3.1176,77682,0,1,0,0
-4.1037,3.1656,77715,0,1,0,0
-4.0962,3.2135,77748,0,1,0,0
-4.0919,3.2615,77782,0,1,0,0
-4.0895,3.3095,77815,0,1,0,0
-4.0618,3.3574,77849,0,1,0,0
-4.0787,3.4054,77882,0,1,0,0
-4.0705,3.4534,77915,0,1,0,0
-4.0893,3.5013,77949,0,1,0,0
-4.0893,3.5493,77982,0,1,0,0
-4.0852,3.5972,78015,0,1,0,0
-4.0981,3.6452,78049,0,1,0,0
-4.1154,3.6932,78082,0,1,0,0
-4.1213,3.7411,78115,0,1,0,0
-4.1711,3.7891,78149,0,1,0,0
-4.1554,3.8371,78182,0,1,0,0
-4.1425,3.885,78216,0,1,0,0
-4.1196,3.933,78249,0,1,0,0
-4.1575,3.9809,78282,0,1,0,0
-4.1676,4.0289,78316,0,1,0,0
-4.1758,4.0769,78349,0,1,0,0
-4.1617,4.1248,78382,0,1,0,0
-4.1962,4.1728,78416,0,1,0,0
-4.2242,4.2208,78449,0,1,0,0
-4.2631,4.2687,78483,0,1,0,0
-4.2849,4.3167,78516,0,1,0,0
-4.2756,4.3647,78550,0,1,0,0
-4.3388,4.4126,78583,0,1,0,0
-4.3655,4.4606,78616,0,1,0,0
-4.4164,4.5085,78650,0,1,0,0
-4.4205,4.5565,78683,0,1,0,0
-4.4366,4.6045,78716,0,1,0,0
-4.4719,4.6524,78750,0,1,0,0
-4.5133,4.7004,78783,0,1,0,0
-4.548,4.7484,78816,0,1,0,0
-4.5656,4.7963,78850,0,1,0,0
-4.5872,4.8443,78883,0,1,0,0
-4.6121,4.8923,78916,0,1,0,0
-4.6499,4.9402,78950,0,1,0,0
-4.6829,4.9882,78983,0,1,0,0
-4.7098,5.0361,79016,0,1,0,0
-4.7389,5.0841,79050,0,1,0,0
-4.7578,5.1321,79083,0,1,0,0
-4.7714,5.18,79116,0,1,0,0
-4.7996,5.228,79150,0,1,0,0
-4.8275,5.276,79183,0,1,0,0
-4.8416,5.3239,79217,0,1,0,0
-4.8558,5.3719,79250,0,1,0,0
-4.8842,5.4198,79284,0,1,0,0
-4.9144,5.4678,79317,0,1,0,0
-4.9472,5.5158,79350,0,1,0,0
-4.9742,5.5637,79384,0,1,0,0
-4.9994,5.6117,79417,0,1,0,0
-5.0127,5.6597,79450,0,1,0,0
-5.0262,5.7076,79484,0,1,0,0
-5.0492,5.7556,79517,0,1,0,0
-5.0681,5.8036,79551,0,1,0,0
-5.0896,5.8515,79584,0,1,0,0
-5.1119,5.8995,79617,0,1,0,0
-5.1268,5.9474,79650,0,1,0,0
-5.1469,5.9954,79684,0,1,0,0
-5.1618,6.0434,79717,0,1,0,0
-5.1807,6.0913,79750,0,1,0,0
-5.1962,6.1393,79784,0,0,0,0
-5.2079,6.1873,79817,0,0,0,0
-5.2219,6.2352,79851,0,0,0,0
-5.2381,0,79884,0,0,0,0
-5.2476,0.0483,79918,0,0,0,0
-5.2522,0.0967,79951,0,0,0,0
-5.2435,0.145,79984,0,0,0,0
-5.2297,0.1933,80017,0,0,0,0
-5.2228,0.2417,80051,0,0,0,0
-5.2197,0.29,80084,0,0,0,0
-5.2114,0.3383,80117,0,0,0,0
-5.1975,0.3867,80151,0,0,0,0
-5.176,0.435,80184,0,0,0,0
-5.1523,0.4833,80218,0,0,0,0
-5.1414,0.5317,80251,0,0,0,0
-5.1268,0.58,80284,0,0,0,0
-5.0911,0.6283,80318,0,0,0,0
-5.0444,0.6767,80351,0,0,0,0
-5.0048,0.725,80384,0,0,0,0
-4.9726,0.7733,80418,0,0,0,0
-4.9385,0.8216,80451,0,0,0,0
-4.9152,0.87,80485,0,0,0,0
-4.8841,0.9183,80518,0,0,0,0
-4.8379,0.9666,80552,0,0,0,0
-4.7962,1.015,80585,0,0,0,0
-4.7457,1.0633,80618,0,0,0,0
-4.7164,1.1116,80651,0,0,0,0
-4.6875,1.16,80685,0,0,0,0
-4.6444,1.2083,80719,0,0,0,0
-4.6222,1.2566,80751,0,0,0,0
-4.6063,1.305,80785,0,0,0,0
-4.5779,1.3533,80819,0,0,0,0
-4.559,1.4016,80852,0,0,0,0
-4.5088,1.45,80885,0,0,0,0
-4.4644,1.4983,80919,0,0,0,0
-4.4333,1.5466,80952,0,0,0,0
-4.409,1.595,80985,0,0,0,0
-4.3849,1.6433,81019,0,0,0,0
-4.3629,1.6916,81052,0,0,0,0
-4.3337,1.74,81085,0,0,0,0
-4.3142,1.7883,81118,0,0,0,0
-4.2956,1.8366,81152,0,0,0,0
-4.2914,1.885,81186,0,0,0,0
-4.276,1.9333,81219,0,0,0,0
-4.2554,1.9816,81252,0,0,0,0
-4.2436,2.03,81285,0,0,0,0
-4.2363,2.0783,81319,0,0,0,0
-4.2297,2.1266,81352,0,0,0,0
-4.2239,2.1749,81386,0,0,0,0
-4.2109,2.2233,81419,0,0,0,0
-4.2063,2.2716,81453,0,0,0,0
-4.1917,2.3199,81486,0,0,0,0
-4.1874,2.3683,81519,0,0,0,0
-4.1843,2.4166,81552,0,0,0,0
-4.1843,2.4649,81586,0,0,0,0
-4.1845,2.5133,81619,0,0,0,0
-4.1841,2.5616,81652,0,0,0,0
-4.1894,2.6099,81686,0,0,0,0
-4.1935,2.6583,81719,0,0,0,0
-4.1922,2.7066,81753,0,0,0,0
-4.191,2.7549,81786,0,0,0,0
-4.1637,2.8033,81819,0,0,0,0
-4.1327,2.8516,81853,0,0,0,0
-4.1288,2.8999,81886,0,0,0,0
-4.1153,2.9483,81919,0,0,0,0
-4.0977,2.9966,81953,0,0,0,0
-4.0902,3.0449,81986,0,0,0,0
-4.0817,3.0933,82019,0,0,0,0
-4.0718,3.1416,82053,0,0,0,0
-4.0688,3.1899,82086,0,0,0,0
-4.0773,3.2383,82120,0,0,0,0
-4.0654,3.2866,82153,0,0,0,0
-4.0619,3.3349,82186,0,0,0,0
-4.0626,3.3833,82220,0,0,0,0
-4.0608,3.4316,82253,0,0,0,0
-4.0596,3.4799,82286,0,0,0,0
-4.0556,3.5283,82320,0,0,0,0
-4.0544,3.5766,82353,0,0,0,0
-4.0555,3.6249,82387,0,0,0,0
-4.0576,3.6732,82420,0,0,0,0
-4.0628,3.7216,82453,0,0,0,0
-4.0751,3.7699,82487,0,0,0,0
-4.0899,3.8182,82520,0,0,0,0
-4.1232,3.8666,82554,0,0,0,0
-4.163,3.9149,82587,0,0,0,0
-4.1876,3.9632,82620,0,0,0,0
-4.2049,4.0116,82654,0,0,0,0
-4.2269,4.0599,82687,0,0,0,0
-4.2423,4.1082,82720,0,0,0,0
-4.2395,4.1566,82754,0,0,0,0
-4.259,4.2049,82787,0,0,0,0
-4.2825,4.2532,82820,0,0,0,0
-4.3069,4.3016,82854,0,0,0,0
-4.3283,4.3499,82887,0,0,0,0
-4.3604,4.3982,82920,0,0,0,0
-4.3907,4.4466,82954,0,0,0,0
-4.4238,4.4949,82987,0,0,0,0
-4.462,4.5432,83020,0,0,0,0
-4.4876,4.5916,83054,0,0,0,0
-4.5062,4.6399,83087,0,0,0,0
-4.5275,4.6882,83121,0,0,0,0
-4.5584,4.7366,83154,0,0,0,0
-4.586,4.7849,83188,0,0,0,0
-4.6139,4.8332,83221,0,0,0,0
-4.6443,4.8816,83255,0,0,0,0
-4.6663,4.9299,83287,0,0,0,0
-4.6872,4.9782,83321,0,0,0,0
-4.7123,5.0265,83354,0,0,0,0
-4.7472,5.0749,83388,0,0,0,0
-4.7714,5.1232,83421,0,0,0,0
-4.7972,5.1715,83455,0,0,0,0
-4.8359,5.2199,83488,0,0,0,0
-4.8692,5.2682,83521,0,0,0,0
-4.891,5.3165,83554,0,0,0,0
-4.9242,5.3649,83588,0,0,0,0
-4.9325,5.4132,83621,0,0,0,0
-4.9363,5.4615,83654,0,0,0,0
-4.9515,5.5099,83688,0,0,0,0
-4.9685,5.5582,83721,0,0,0,0
-4.984,5.6065,83755,0,0,0,0
-5.0061,5.6549,83788,0,0,0,0
-5.0234,5.7032,83821,0,0,0,0
-5.0467,5.7515,83855,0,0,0,0
-5.068,5.7999,83888,0,0,0,0
-5.0881,5.8482,83921,0,0,0,0
-5.1051,5.8965,83955,0,0,0,0
-5.1194,5.9449,83988,0,0,0,0
-5.1326,5.9932,84021,0,0,0,0
-5.1537,6.0415,84055,0,0,0,0
-5.1693,6.0899,84088,0,0,0,0
-5.1828,6.1382,84122,0,0,0,0
-5.1997,6.1865,84155,0,0,0,0
-5.2111,6.2349,84188,0,0,0,0
-5.2183,0,84222,0,0,0,0
-5.2206,0.0511,84255,0,0,0,0
-5.2305,0.1022,84289,0,0,0,0
-5.2355,0.1532,84322,0,0,0,0
-5.2401,0.2043,84355,0,0,0,0
-5.2405,0.2554,84389,0,0,0,0
-5.2361,0.3065,84422,0,0,0,0
-5.2364,0.3576,84455,0,0,0,0
-5.2247,0.4087,84489,0,0,0,0
-5.203,0.4597,84522,0,0,0,0
-5.1972,0.5108,84555,0,0,0,0
-5.1871,0.5619,84589,0,0,0,0
-5.1702,0.613,84622,0,0,0,0
-5.1317,0.6641,84656,0,0,0,0
-5.0973,0.7152,84689,0,0,0,0
-5.0563,0.7662,84722,0,0,0,0
-5.0081,0.8173,84756,0,0,0,0
-4.969,0.8684,84789,0,0,0,0
-4.9199,0.9195,84823,0,0,0,0
-4.8725,0.9706,84856,0,0,0,0
-4.8183,1.0217,84889,0,0,0,0
-4.7794,1.0727,84922,0,0,0,0
-4.7421,1.1238,84956,0,0,0,0
-4.7106,1.1749,84989,0,0,0,0
-4.6745,1.226,85023,0,0,0,0
-4.6382,1.2771,85056,0,0,0,0
-4.6096,1.3282,85089,0,0,0,0
-4.571,1.3792,85123,0,0,0,0
-4.5374,1.4303,85156,0,0,0,0
-4.5113,1.4814,85189,0,0,0,0
-4.4812,1.5325,85224,0,0,0,0
-4.4646,1.5836,85256,0,0,0,0
-4.451,1.6346,85290,0,0,0,0
-4.4392,1.6857,85323,0,0,0,0
-4.4251,1.7368,85356,0,0,0,0
-4.4105,1.7879,85390,0,0,0,0
-4.3735,1.839,85424,0,0,0,0
-4.339,1.8901,85456,0,0,0,0
-4.3225,1.9411,85490,0,0,0,0
-4.3163,1.9922,85523,0,0,0,0
-4.301,2.0433,85557,0,1,0,0
-4.2786,2.0944,85590,0,1,0,0
-4.2672,2.1455,85623,0,1,0,0
-4.2491,2.1966,85657,0,1,0,0
-4.2509,2.2476,85690,0,1,0,0
-4.2254,2.2987,85723,0,1,0,0
-4.2244,2.3498,85757,0,1,0,0
-4.2111,2.4009,85790,0,1,0,0
-4.2217,2.452,85823,0,1,0,0
-4.2024,2.5031,85857,0,1,0,0
-4.1775,2.5541,85890,0,1,0,0
-4.1765,2.6052,85923,0,1,0,0
-4.1753,2.6563,85957,0,1,0,0
-4.1806,2.7074,85990,0,1,0,0
-4.2089,2.7585,86024,0,1,0,0
-4.181,2.8096,86057,0,1,0,0
-4.1599,2.8606,86090,0,1,0,0
-4.1565,2.9117,86124,0,1,0,0
-4.1876,2.9628,86157,0,1,0,0
-4.2035,3.0139,86190,0,1,0,0
-4.1855,3.065,86224,0,1,0,0
-4.1433,3.1161,86257,0,1,0,0
-4.1678,3.1671,86291,0,1,0,0
-4.1718,3.2182,86324,0,1,0,0
-4.1741,3.2693,86357,0,1,0,0
-4.1497,3.3204,86391,0,1,0,0
-4.0861,3.3715,86424,0,1,0,0
-4.1007,3.4225,86457,0,1,0,0
-4.0841,3.4736,86491,0,1,0,0
-4.0944,3.5247,86524,0,1,0,0
-4.0758,3.5758,86557,0,1,0,0
-4.0566,3.6269,86591,0,1,0,0
-4.0599,3.678,86624,0,1,0,0
-4.0748,3.729,86658,0,1,0,0
-4.0776,3.7801,86691,0,1,0,0
-4.0782,3.8312,86724,0,1,0,0
-4.103,3.8823,86758,0,1,0,0
-4.1416,3.9334,86791,0,1,0,0
-4.1712,3.9845,86824,0,1,0,0
-4.1843,4.0355,86858,0,1,0,0
-4.209,4.0866,86891,0,1,0,0
-4.2269,4.1377,86925,0,1,0,0
-4.2509,4.1888,86958,0,1,0,0
-4.2753,4.2399,86991,0,1,0,0
-4.3034,4.291,87025,0,1,0,0
-4.3423,4.342,87058,0,1,0,0
-4.379,4.3931,87091,0,1,0,0
-4.4229,4.4442,87125,0,1,0,0
-4.4644,4.4953,87158,0,1,0,0
-4.5132,4.5464,87192,0,1,0,0
-4.5471,4.5975,87225,0,1,0,0
-4.5787,4.6485,87258,0,1,0,0
-4.5922,4.6996,87292,0,1,0,0
-4.5969,4.7507,87325,0,1,0,0
-4.6151,4.8018,87358,0,1,0,0
-4.6406,4.8529,87392,0,1,0,0
-4.664,4.9039,87425,0,1,0,0
-4.6889,4.955,87459,0,1,0,0
-4.7124,5.0061,87492,0,1,0,0
-4.7382,5.0572,87525,0,0,0,0
-4.7627,5.1083,87558,0,0,0,0
-4.7961,5.1594,87592,0,0,0,0
-4.8243,5.2104,87626,0,0,0,0
-4.8509,5.2615,87659,0,0,0,0
-4.865,5.3126,87692,0,0,0,0
-4.8847,5.3637,87726,0,0,0,0
-4.9078,5.4148,87759,0,0,0,0
-4.9308,5.4659,87792,0,0,0,0
-4.9563,5.5169,87825,0,0,0,0
-4.9792,5.568,87859,0,0,0,0
-5.0017,5.6191,87892,0,0,0,0
-5.0231,5.6702,87926,0,0,0,0
-5.0495,5.7213,87959,0,0,0,0
-5.0618,5.7724,87993,0,0,0,0
-5.0742,5.8234,88026,0,0,0,0
-5.0947,5.8745,88059,0,0,0,0
-5.1257,5.9256,88092,0,0,0,0
-5.1455,5.9767,88126,0,0,0,0
-5.1646,6.0278,88159,0,0,0,0
-5.1683,6.0789,88193,0,0,0,0
-5.1645,6.1299,88226,0,0,0,0
-5.1741,6.181,88259,0,0,0,0
-5.1852,6.2321,88293,0,0,0,0
-5.2007,0,88326,0,0,0,0
-5.2062,0.0519,88359,0,0,0,0
-5.2161,0.1039,88393,0,0,0,0
-5.2189,0.1558,88426,0,0,0,0
-5.2223,0.2077,88459,0,0,0,0
-5.2285,0.2596,88493,0,0,0,0
-5.2233,0.3116,88526,0,0,0,0
-5.2227,0.3635,88560,0,0,0,0
-5.2216,0.4154,88593,0,0,0,0
-5.2193,0.4673,88626,0,0,0,0
-5.2137,0.5193,88660,0,0,0,0
-5.1979,0.5712,88693,0,0,0,0
-5.1762,0.6231,88726,0,0,0,0
-5.1428,0.6751,88760,0,0,0,0
-5.1092,0.727,88793,0,0,0,0
-5.0722,0.7789,88826,0,0,0,0
-5.0328,0.8308,88860,0,0,0,0
-4.998,0.8828,88893,0,0,0,0
-4.9444,0.9347,88927,0,0,0,0
-4.9041,0.9866,88960,0,0,0,0
-4.8601,1.0385,88994,0,0,0,0
-4.8237,1.0905,89027,0,0,0,0
-4.7982,1.1424,89060,0,0,0,0
-4.7403,1.1943,89094,0,0,0,0
-4.6942,1.2463,89127,0,0,0,0
-4.6499,1.2982,89160,0,0,0,0
-4.6198,1.3501,89193,0,0,0,0
-4.5961,1.402,89227,0,0,0,0
-4.5688,1.454,89261,0,0,0,0
-4.5441,1.5059,89294,0,0,0,0
-4.5133,1.5578,89327,0,0,0,0
-4.4916,1.6097,89360,0,0,0,0
-4.4711,1.6617,89394,0,0,0,0
-4.4396,1.7136,89427,0,0,0,0
-4.4122,1.7655,89461,0,0,0,0
-4.3888,1.8175,89494,0,0,0,0
-4.37,1.8694,89527,0,0,0,0
-4.3567,1.9213,89561,0,0,0,0
-4.3337,1.9732,89594,0,0,0,0
-4.3181,2.0252,89627,0,0,0,0
-4.3113,2.0771,89661,0,0,0,0
-4.3023,2.129,89695,0,0,0,0
-4.2903,2.1809,89727,0,0,0,0
-4.2788,2.2329,89761,0,0,0,0
-4.2748,2.2848,89794,0,0,0,0
-4.2732,2.3367,89828,0,0,0,0
-4.2698,2.3886,89861,0,0,0,0
-4.2709,2.4406,89894,0,0,0,0
-4.2731,2.4925,89928,0,0,0,0
-4.2684,2.5444,89961,0,0,0,0
-4.2628,2.5964,89994,0,0,0,0
-4.2285,2.6483,90028,0,0,0,0
-4.1974,2.7002,90061,0,0,0,0
-4.1855,2.7521,90094,0,0,0,0
-4.1752,2.8041,90128,0,0,0,0
-4.1612,2.856,90161,0,0,0,0
-4.1429,2.9079,90195,0,0,0,0
-4.1328,2.9598,90228,0,0,0,0
-4.1222,3.0118,90261,0,0,0,0
-4.1183,3.0637,90295,0,0,0,0
-4.1209,3.1156,90328,0,0,0,0
-4.1118,3.1676,90362,0,0,0,0
-4.1036,3.2195,90395,0,0,0,0
-4.1023,3.2714,90428,0,0,0,0
-4.0997,3.3233,90461,0,0,0,0
-4.0935,3.3753,90495,0,0,0,0
-4.0921,3.4272,90528,0,0,0,0
-4.0913,3.4791,90562,0,0,0,0
-4.088,3.531,90595,0,0,0,0
-4.0863,3.583,90628,0,0,0,0
-4.0824,3.6349,90662,0,0,0,0
-4.0825,3.6868,90695,0,0,0,0
-4.091,3.7388,90728,0,0,0,0
-4.0983,3.7907,90762,0,0,0,0
-4.1303,3.8426,90795,0,0,0,0
-4.1757,3.8945,90829,0,0,0,0
-4.2183,3.9465,90862,0,0,0,0
-4.2389,3.9984,90895,0,0,0,0
-4.2462,4.0503,90929,0,0,0,0
-4.2325,4.1022,90962,0,0,0,0
-4.2314,4.1542,90995,0,0,0,0
-4.2523,4.2061,91029,0,0,0,0
-4.2729,4.258,91062,0,0,0,0
-4.2941,4.31,91095,0,0,0,0
-4.321,4.3619,91129,0,0,0,0
-4.3455,4.4138,91162,0,0,0,0
-4.3637,4.4657,91196,0,0,0,0
-4.3979,4.5177,91230,0,0,0,0
-4.4211,4.5696,91262,0,0,0,0
-4.4515,4.6215,91296,0,0,0,0
-4.4779,4.6734,91329,0,0,0,0
-4.5132,4.7254,91363,0,0,0,0
-4.5451,4.7773,91396,0,0,0,0
-4.569,4.8292,91429,0,0,0,0
-4.6016,4.8812,91463,0,0,0,0
-4.6348,4.9331,91496,0,0,0,0
-4.6564,4.985,91529,0,0,0,0
-4.681,5.0369,91563,0,0,0,0
-4.7122,5.0889,91596,0,0,0,0
-4.7377,5.1408,91629,0,0,0,0
-4.7546,5.1927,91663,0,0,0,0
-4.7806,5.2446,91696,0,0,0,0
-4.8127,5.2966,91729,0,0,0,0
-4.8362,5.3485,91763,0,0,0,0
-4.8591,5.4004,91796,0,0,0,0
-4.8649,5.4524,91830,0,0,0,0
-4.8639,5.5043,91863,0,0,0,0
-4.8784,5.5562,91897,0,0,0,0
-4.8907,5.6081,91930,0,0,0,0
-4.9102,5.6601,91963,0,0,0,0
-4.9322,5.712,91996,0,0,0,0
-4.955,5.7639,92030,0,0,0,0
-4.978,5.8158,92063,0,0,0,0
-4.9975,5.8678,92097,0,0,0,0
-5.0126,5.9197,92130,0,0,0,0
-5.0221,5.9716,92163,0,0,0,0
-5.0364,6.0235,92197,0,0,0,0
-5.0556,6.0755,92230,0,0,0,0
-5.0727,6.1274,92264,0,0,0,0
-5.0852,6.1793,92297,0,0,0,0
-5.0927,6.2313,92330,0,0,0,0
-5.104,0,92363,0,0,0,0
-5.1054,0.0439,92397,0,0,0,0
-5.1055,0.0879,92430,0,0,0,0
-5.1143,0.1318,92464,0,0,0,0
-5.1207,0.1758,92497,0,0,0,0
-5.1192,0.2197,92530,0,0,0,0
-5.1227,0.2636,92564,0,0,0,0
-5.1241,0.3076,92597,0,0,0,0
-5.1214,0.3515,92630,0,0,0,0
-5.1157,0.3954,92664,0,0,0,0
-5.103,0.4394,92697,0,0,0,0
-5.0679,0.4833,92731,0,0,0,0
-5.0361,0.5273,92764,0,0,0,0
-5.0091,0.5712,92797,0,0,0,0
-4.9763,0.6151,92831,0,0,0,0
-4.9297,0.6591,92864,0,0,0,0
-4.9015,0.703,92897,0,0,0,0
-4.8604,0.747,92931,0,0,0,0
-4.8236,0.7909,92964,0,0,0,0
-4.8009,0.8348,92997,0,0,0,0
-4.7751,0.8788,93031,0,0,0,0
-4.7257,0.9227,93064,0,0,0,0
-4.693,0.9666,93098,0,0,0,0
-4.6599,1.0106,93131,0,0,0,0
-4.6336,1.0545,93164,0,0,0,0
-4.6062,1.0985,93198,0,0,0,0
-4.5713,1.1424,93232,0,0,0,0
-4.5394,1.1863,93264,0,0,0,0
-4.5099,1.2303,93298,0,0,0,0
-4.4766,1.2742,93331,0,1,0,0
-4.4481,1.3182,93364,0,1,0,0
-4.4217,1.3621,93398,0,1,0,0
-4.4068,1.406,93431,0,1,0,0
-4.3796,1.45,93465,0,1,0,0
-4.3569,1.4939,93498,0,1,0,0
-4.3647,1.5378,93531,0,1,0,0
-4.3674,1.5818,93565,0,1,0,0
-4.3569,1.6257,93598,0,1,0,0
-4.3204,1.6697,93631,0,1,0,0
-4.2853,1.7136,93665,0,1,0,0
-4.2652,1.7575,93698,0,1,0,0
-4.2688,1.8015,93732,0,1,0,0
-4.2806,1.8454,93765,0,1,0,0
-4.235,1.8893,93798,0,1,0,0
-4.2392,1.9333,93832,0,1,0,0
-4.1956,1.9772,93865,0,1,0,0
-4.2123,2.0212,93899,0,1,0,0
-4.2345,2.0651,93932,0,1,0,0
-4.2252,2.109,93965,0,1,0,0
-4.1942,2.153,93999,0,1,0,0
-4.1543,2.1969,94032,0,1,0,0
-4.1659,2.2409,94065,0,1,0,0
-4.17,2.2848,94099,0,1,0,0
-4.1548,2.3287,94132,0,1,0,0
-4.1311,2.3727,94165,0,1,0,0
-4.113,2.4166,94199,0,1,0,0
-4.1142,2.4605,94232,0,1,0,0
-4.1244,2.5045,94266,0,1,0,0
-4.1226,2.5484,94299,0,1,0,0
-4.1107,2.5924,94332,0,1,0,0
-4.1153,2.6363,94366,0,1,0,0
-4.1154,2.6802,94399,0,1,0,0
-4.1298,2.7242,94432,0,1,0,0
-4.1302,2.7681,94466,0,1,0,0
-4.1246,2.8121,94499,0,1,0,0
-4.1286,2.856,94532,0,1,0,0
-4.1214,2.8999,94566,0,1,0,0
-4.096,2.9439,94600,0,1,0,0
-4.0864,2.9878,94632,0,1,0,0
-4.0795,3.0317,94666,0,1,0,0
-4.0752,3.0757,94699,0,1,0,0
-4.0603,3.1196,94733,0,1,0,0
-4.0539,3.1636,94766,0,1,0,0
-4.0487,3.2075,94799,0,1,0,0
-4.0448,3.2514,94833,0,1,0,0
-4.0476,3.2954,94866,0,1,0,0
-4.0564,3.3393,94900,0,1,0,0
-4.0532,3.3833,94933,0,1,0,0
-4.059,3.4272,94966,0,1,0,0
-4.0651,3.4711,95000,0,1,0,0
-4.0688,3.5151,95033,0,1,0,0
-4.072,3.559,95066,0,1,0,0
-4.0767,3.6029,95100,0,1,0,0
-4.0841,3.6469,95133,0,1,0,0
-4.096,3.6908,95167,0,1,0,0
-4.1134,3.7348,95200,0,1,0,0
-4.1258,3.7787,95233,0,1,0,0
-4.149,3.8226,95266,0,1,0,0
-4.1759,3.8666,95300,0,1,0,0
-4.1969,3.9105,95333,0,1,0,0
-4.2302,3.9545,95367,0,1,0,0
-4.2627,3.9984,95400,0,1,0,0
-4.2738,4.0423,95433,0,1,0,0
-4.2937,4.0863,95467,0,1,0,0
-4.3103,4.1302,95501,0,1,0,0
-4.2993,4.1741,95533,0,1,0,0
-4.311,4.2181,95567,0,1,0,0
-4.3278,4.262,95600,0,1,0,0
-4.3453,4.306,95633,0,1,0,0
-4.3625,4.3499,95667,0,1,0,0
-4.3726,4.3938,95700,0,1,0,0
-4.3857,4.4378,95734,0,1,0,0
-4.4086,4.4817,95767,0,1,0,0
-4.4366,4.5257,95800,0,1,0,0
-4.4675,4.5696,95834,0,1,0,0
-4.4944,4.6135,95867,0,0,0,0
-4.5194,4.6575,95900,0,0,0,0
-4.5466,4.7014,95934,0,0,0,0
-4.5634,4.7453,95967,0,0,0,0
-4.5815,4.7893,96000,0,0,0,0
-4.6041,4.8332,96034,0,0,0,0
-4.6316,4.8772,96067,0,0,0,0
-4.6544,4.9211,96101,0,0,0,0
-4.6714,4.965,96134,0,0,0,0
-4.6946,5.009,96168,0,0,0,0
-4.7141,5.0529,96201,0,0,0,0
-4.7409,5.0968,96234,0,0,0,0
-4.7604,5.1408,96267,0,0,0,0
-4.7865,5.1847,96301,0,0,0,0
-4.8248,5.2287,96334,0,0,0,0
-4.8485,5.2726,96368,0,0,0,0
-4.8685,5.3165,96401,0,0,0,0
-4.8806,5.3605,96434,0,0,0,0
-4.8861,5.4044,96468,0,0,0,0
-4.9129,5.4484,96501,0,0,0,0
-4.9323,5.4923,96534,0,0,0,0
-4.9527,5.5362,96568,0,0,0,0
-4.9681,5.5802,96601,0,0,0,0
-4.9902,5.6241,96634,0,0,0,0
-5.0195,5.668,96668,0,0,0,0
-5.0461,5.712,96701,0,0,0,0
-5.0695,5.7559,96735,0,0,0,0
-5.0845,5.7999,96768,0,0,0,0
-5.098,5.8438,96801,0,0,0,0
-5.1117,5.8877,96835,0,0,0,0
-5.13,5.9317,96868,0,0,0,0
-5.1469,5.9756,96901,0,0,0,0
-5.1636,6.0196,96935,0,0,0,0
-5.1807,6.0635,96968,0,0,0,0
-5.2017,6.1074,97002,0,0,0,0
-5.2096,6.1514,97035,0,0,0,0
-5.2197,6.1953,97068,0,0,0,0
-5.2276,6.2392,97102,0,0,0,0
-5.2361,0,97135,0,0,0,0
-5.2464,0.0462,97168,0,0,0,0
-5.2523,0.0924,97202,0,0,0,0
-5.2542,0.1386,97235,0,0,0,0
-5.2552,0.1848,97268,0,0,0,0
-5.2619,0.231,97302,0,0,0,0
-5.2456,0.2772,97335,0,0,0,0
-5.2394,0.3234,97369,0,0,0,0
-5.2344,0.3696,97402,0,0,0,0
-5.2264,0.4158,97435,0,0,0,0
-5.2243,0.462,97469,0,0,0,0
-5.2143,0.5082,97502,0,0,0,0
-5.1993,0.5544,97535,0,0,0,0
-5.1678,0.6006,97569,0,0,0,0
-5.1279,0.6468,97602,0,0,0,0
-5.0859,0.693,97636,0,0,0,0
-5.0343,0.7392,97669,0,0,0,0
-4.9938,0.7854,97702,0,0,0,0
-4.9489,0.8316,97736,0,0,0,0
-4.9081,0.8778,97769,0,0,0,0
-4.8658,0.924,97802,0,0,0,0
-4.8196,0.9702,97836,0,0,0,0
-4.7887,1.0164,97869,0,0,0,0
-4.7474,1.0626,97903,0,0,0,0
-4.7164,1.1088,97936,0,0,0,0
-4.6785,1.155,97969,0,0,0,0
-4.6419,1.2012,98003,0,0,0,0
-4.6095,1.2474,98036,0,0,0,0
-4.5686,1.2936,98070,0,0,0,0
-4.5518,1.3398,98103,0,0,0,0
-4.5365,1.386,98136,0,0,0,0
-4.5247,1.4322,98169,0,0,0,0
-4.5096,1.4784,98203,0,0,0,0
-4.4703,1.5246,98236,0,0,0,0
-4.43,1.5708,98270,0,0,0,0
-4.4139,1.617,98303,0,0,0,0
-4.3965,1.6632,98336,0,0,0,0
-4.3741,1.7094,98370,0,0,0,0
-4.3513,1.7556,98403,0,0,0,0
-4.3322,1.8018,98436,0,0,0,0
-4.3165,1.848,98470,0,0,0,0
-4.308,1.8942,98503,0,0,0,0
-4.305,1.9404,98536,0,0,0,0
-4.286,1.9866,98570,0,0,0,0
-4.2764,2.0328,98603,0,0,0,0
-4.2714,2.079,98637,0,0,0,0
-4.2671,2.1252,98670,0,0,0,0
-4.2535,2.1714,98703,0,0,0,0
-4.2421,2.2176,98737,0,0,0,0
-4.2326,2.2638,98770,0,0,0,0
-4.2262,2.31,98803,0,0,0,0
-4.2204,2.3562,98837,0,0,0,0
-4.2169,2.4024,98870,0,0,0,0
-4.2126,2.4486,98904,0,0,0,0
-4.2112,2.4948,98937,0,0,0,0
-4.213,2.541,98970,0,0,0,0
-4.2109,2.5872,99004,0,0,0,0
-4.2137,2.6334,99037,0,0,0,0
-4.2148,2.6796,99070,0,0,0,0
-4.2109,2.7258,99104,0,0,0,0
-4.2086,2.772,99137,0,0,0,0
-4.183,2.8182,99171,0,0,0,0
-4.1542,2.8644,99204,0,0,0,0
-4.1363,2.9106,99237,0,0,0,0
-4.1263,2.9568,99271,0,0,0,0
-4.1178,3.003,99304,0,0,0,0
-4.0994,3.0492,99338,0,0,0,0
-4.0896,3.0954,99371,0,0,0,0
-4.0816,3.1416,99404,0,0,0,0
-4.08,3.1878,99437,0,0,0,0
-4.0834,3.234,99471,0,0,0,0
-4.0819,3.2802,99504,0,0,0,0
-4.0815,3.3264,99537,0,0,0,0
-4.0844,3.3726,99571,0,0,0,0
-4.0855,3.4188,99604,0,0,0,0
-4.0844,3.465,99638,0,0,0,0
-4.083,3.5112,99671,0,0,0,0
-4.0826,3.5574,99704,0,0,0,0
-4.0818,3.6036,99738,0,0,0,0
-4.0852,3.6498,99771,0,0,0,0
-4.0842,3.696,99804,0,0,0,0
-4.0878,3.7422,99838,0,0,0,0
-4.0942,3.7884,99871,0,0,0,0
-4.1041,3.8346,99905,0,0,0,0
-4.1112,3.8808,99938,0,0,0,0
-4.1218,3.927,99971,0,0,0,0
-4.127,3.9732,1.0001e+05,0,0,0,0
-4.1303,4.0194,1.0004e+05,0,0,0,0
-4.1335,4.0656,1.0007e+05,0,0,0,0
-4.1159,4.1118,1.0011e+05,0,0,0,0
-4.0871,4.158,1.0014e+05,0,0,0,0
-4.0788,4.2042,1.0017e+05,0,0,0,0
-4.0682,4.2504,1.0021e+05,0,0,0,0
-4.0561,4.2966,1.0024e+05,0,0,0,0
-4.0437,4.3428,1.0027e+05,0,0,0,0
-4.0417,4.389,1.0031e+05,0,0,0,0
-4.0349,4.4352,1.0034e+05,0,0,0,0
-4.0371,4.4814,1.0037e+05,0,0,0,0
-4.045,4.5276,1.0041e+05,0,0,0,0
-4.0438,4.5738,1.0044e+05,0,0,0,0
-4.0461,4.62,1.0047e+05,0,0,0,0
-4.0617,4.6662,1.0051e+05,0,0,0,0
-4.0787,4.7124,1.0054e+05,0,0,0,0
-4.0961,4.7586,1.0057e+05,0,0,0,0
-4.1228,4.8048,1.0061e+05,0,0,0,0
-4.1382,4.851,1.0064e+05,0,0,0,0
-4.1587,4.8972,1.0067e+05,-2,0,0,0
-4.174,4.9434,1.0071e+05,0,0,0,0
-4.1932,4.9896,1.0074e+05,-2,0,0,0
-4.2234,5.0358,1.0077e+05,0,0,0,0
-4.2496,5.082,1.0081e+05,-2,0,0,0
-4.2752,5.1282,1.0084e+05,0,0,0,0
-4.3052,5.1744,1.0087e+05,-2,0,0,0
-4.3388,5.2206,1.0091e+05,-2,0,0,0
-4.3741,5.2668,1.0094e+05,-2,0,0,0
-4.4005,5.313,1.0097e+05,0,0,0,0
-4.4247,5.3592,1.0101e+05,-2,0,0,0
-4.4296,5.4054,1.0104e+05,-2,0,0,0
-4.4275,5.4516,1.0107e+05,-2,0,0,0
-4.4474,5.4978,1.0111e+05,-2,0,0,0
-4.4679,5.544,1.0114e+05,-2,0,0,0
-4.496,5.5902,1.0117e+05,-2,0,0,0
-4.5216,5.6364,1.0121e+05,-2,0,0,0
-4.5458,5.6826,1.0124e+05,-2,0,0,0
-4.569,5.7288,1.0127e+05,-2,0,0,0
-4.5976,5.775,1.0131e+05,-2,0,0,0
-4.6422,5.8212,1.0134e+05,-2,0,0,0
-4.6665,5.8674,1.0137e+05,-2,0,0,0
-4.6861,5.9136,1.0141e+05,0,0,0,0
-4.7025,5.9598,1.0144e+05,-2,0,0,0
-4.7365,6.006,1.0147e+05,0,0,0,0
-4.7602,6.0522,1.0151e+05,0,0,0,0
-4.7848,6.0984,1.0154e+05,0,0,0,0
-4.809,6.1446,1.0157e+05,-2,0,0,0
-4.8418,6.1908,1.0161e+05,0,0,0,0
-4.8679,6.237,1.0164e+05,0,1,0,0
-4.8886,0,1.0167e+05,0,1,0,0
-4.9121,0.0542,1.0171e+05,0,1,0,0
-4.9292,0.1083,1.0174e+05,0,1,0,0
-4.9286,0.1625,1.0177e+05,0,1,0,0
-4.8911,0.2167,1.0181e+05,0,1,0,0
-4.8891,0.2708,1.0184e+05,0,1,0,0
-4.8409,0.325,1.0187e+05,0,1,0,0
-4.8099,0.3792,1.0191e+05,0,1,0,0
-4.745,0.4333,1.0194e+05,0,1,0,0
-4.6994,0.4875,1.0197e+05,0,1,0,0
-4.6387,0.5417,1.0201e+05,0,1,0,0
-4.6229,0.5958,1.0204e+05,0,1,0,0
-4.5788,0.65,1.0207e+05,0,1,0,0
-4.5515,0.7042,1.0211e+05,0,1,0,0
-4.5057,0.7583,1.0214e+05,0,1,0,0
-4.4421,0.8125,1.0217e+05,0,1,0,0
-4.4174,0.8666,1.0221e+05,0,1,0,0
-4.4231,0.9208,1.0224e+05,0,1,0,0
-4.4085,0.975,1.0227e+05,0,1,0,0
-4.3695,1.0291,1.0231e+05,0,1,0,0
-4.2791,1.0833,1.0234e+05,0,1,0,0
-4.2884,1.1375,1.0237e+05,0,1,0,0
-4.2808,1.1916,1.0241e+05,0,1,0,0
-4.2745,1.2458,1.0244e+05,0,1,0,0
-4.2625,1.3,1.0247e+05,0,1,0,0
-4.207,1.3541,1.0251e+05,0,1,0,0
-4.227,1.4083,1.0254e+05,0,1,0,0
-4.2159,1.4625,1.0257e+05,0,1,0,0
-4.2285,1.5166,1.0261e+05,0,1,0,0
-4.2158,1.5708,1.0264e+05,0,1,0,0
-4.1861,1.625,1.0267e+05,0,1,0,0
-4.1896,1.6791,1.0271e+05,0,1,0,0
-4.2011,1.7333,1.0274e+05,0,1,0,0
-4.2125,1.7875,1.0277e+05,0,1,0,0
-4.2136,1.8416,1.0281e+05,0,1,0,0
-4.21,1.8958,1.0284e+05,0,1,0,0
-4.2076,1.95,1.0287e+05,0,1,0,0
-4.2088,2.0041,1.0291e+05,0,1,0,0
-4.1772,2.0583,1.0294e+05,0,1,0,0
-4.1426,2.1125,1.0297e+05,0,1,0,0
-4.1312,2.1666,1.0301e+05,0,1,0,0
-4.1195,2.2208,1.0304e+05,0,1,0,0
-4.1054,2.2749,1.0308e+05,0,1,0,0
-4.0899,2.3291,1.0311e+05,0,1,0,0
-4.0802,2.3833,1.0314e+05,0,1,0,0
-4.0673,2.4374,1.0318e+05,0,1,0,0
-4.0656,2.4916,1.0321e+05,0,1,0,0
-4.0669,2.5458,1.0324e+05,0,1,0,0
-4.066,2.5999,1.0328e+05,0,1,0,0
-4.063,2.6541,1.0331e+05,0,1,0,0
-4.063,2.7083,1.0334e+05,0,1,0,0
-4.0641,2.7624,1.0338e+05,0,0,0,0
-4.0609,2.8166,1.0341e+05,0,0,0,0
-4.0609,2.8708,1.0344e+05,0,0,0,0
-4.0595,2.9249,1.0348e+05,0,0,0,0
-4.0605,2.9791,1.0351e+05,0,0,0,0
-4.0656,3.0333,1.0354e+05,0,0,0,0
-4.0663,3.0874,1.0358e+05,0,0,0,0
-4.0721,3.1416,1.0361e+05,0,0,0,0
-4.0787,3.1958,1.0364e+05,0,0,0,0
-4.0879,3.2499,1.0368e+05,0,0,0,0
-4.101,3.3041,1.0371e+05,0,0,0,0
-4.1291,3.3583,1.0374e+05,0,0,0,0
-4.1451,3.4124,1.0378e+05,0,0,0,0
-4.164,3.4666,1.0381e+05,0,0,0,0
-4.1887,3.5208,1.0384e+05,0,0,0,0
-4.2041,3.5749,1.0388e+05,0,0,0,0
-4.1923,3.6291,1.0391e+05,0,0,0,0
-4.2035,3.6832,1.0394e+05,0,0,0,0
-4.2269,3.7374,1.0398e+05,0,0,0,0
-4.2505,3.7916,1.0401e+05,0,0,0,0
-4.271,3.8457,1.0404e+05,0,0,0,0
-4.2946,3.8999,1.0408e+05,0,0,0,0
-4.3288,3.9541,1.0411e+05,0,0,0,0
-4.3772,4.0082,1.0414e+05,0,0,0,0
-4.4313,4.0624,1.0418e+05,0,0,0,0
-4.4651,4.1166,1.0421e+05,0,0,0,0
-4.4939,4.1707,1.0424e+05,0,0,0,0
-4.5214,4.2249,1.0428e+05,0,0,0,0
-4.5582,4.2791,1.0431e+05,0,0,0,0
-4.5937,4.3332,1.0434e+05,0,0,0,0
-4.6393,4.3874,1.0438e+05,0,0,0,0
-4.6659,4.4416,1.0441e+05,0,0,0,0
-4.6954,4.4957,1.0444e+05,0,0,0,0
-4.7242,4.5499,1.0448e+05,0,0,0,0
-4.748,4.6041,1.0451e+05,0,0,0,0
-4.7761,4.6582,1.0454e+05,0,0,0,0
-4.8155,4.7124,1.0458e+05,0,0,0,0
-4.849,4.7666,1.0461e+05,0,0,0,0
-4.8743,4.8207,1.0464e+05,0,0,0,0
-4.9115,4.8749,1.0468e+05,0,0,0,0
-4.9467,4.9291,1.0471e+05,0,0,0,0
-4.9677,4.9832,1.0474e+05,0,0,0,0
-4.9901,5.0374,1.0478e+05,0,0,0,0
-4.9985,5.0915,1.0481e+05,0,0,0,0
-5.0096,5.1457,1.0484e+05,0,0,0,0
-5.0283,5.1999,1.0488e+05,0,0,0,0
-5.0505,5.254,1.0491e+05,0,0,0,0
-5.0722,5.3082,1.0494e+05,0,0,0,0
-5.0997,5.3624,1.0498e+05,0,0,0,0
-5.1227,5.4165,1.0501e+05,0,0,0,0
-5.1476,5.4707,1.0504e+05,0,0,0,0
-5.1696,5.5249,1.0508e+05,0,0,0,0
-5.1955,5.579,1.0511e+05,0,0,0,0
-5.2151,5.6332,1.0514e+05,0,0,0,0
-5.2289,5.6874,1.0518e+05,0,0,0,0
-5.2472,5.7415,1.0521e+05,0,0,0,0
-5.2661,5.7957,1.0524e+05,0,0,0,0
-5.2861,5.8499,1.0528e+05,0,0,0,0
-5.3065,5.904,1.0531e+05,0,0,0,0
-5.3254,5.9582,1.0534e+05,0,0,0,0
-5.3421,6.0124,1.0538e+05,0,0,0,0
-5.358,6.0665,1.0541e+05,0,0,0,0
-5.3709,6.1207,1.0544e+05,0,0,0,0
-5.3917,6.1749,1.0548e+05,0,0,0,0
-5.4066,6.229,1.0551e+05,0,0,0,0
-5.4134,0,1.0554e+05,0,0,0,0
-5.4277,0.0472,1.0558e+05,0,0,0,0
-5.4352,0.0945,1.0561e+05,0,0,0,0
-5.439,0.1417,1.0564e+05,0,0,0,0
-5.4509,0.189,1.0568e+05,0,0,0,0
-5.453,0.2362,1.0571e+05,0,0,0,0
-5.4405,0.2835,1.0574e+05,0,0,0,0
-5.4334,0.3307,1.0578e+05,0,0,0,0
-5.4316,0.3779,1.0581e+05,0,0,0,0
-5.422,0.4252,1.0584e+05,0,0,0,0
-5.3957,0.4724,1.0588e+05,0,0,0,0
-5.3558,0.5197,1.0591e+05,0,0,0,0
-5.3181,0.5669,1.0594e+05,0,0,0,0
-5.2883,0.6141,1.0598e+05,0,0,0,0
-5.2515,0.6614,1.0601e+05,0,0,0,0
-5.2098,0.7086,1.0604e+05,0,0,0,0
-5.1628,0.7559,1.0608e+05,0,0,0,0
-5.1178,0.8031,1.0611e+05,0,0,0,0
-5.0776,0.8504,1.0614e+05,0,0,0,0
-5.0387,0.8976,1.0618e+05,0,0,0,0
-5.0082,0.9448,1.0621e+05,0,0,0,0
-4.9686,0.9921,1.0624e+05,0,0,0,0
-4.9195,1.0393,1.0628e+05,0,0,0,0
-4.8784,1.0866,1.0631e+05,0,0,0,0
-4.8405,1.1338,1.0635e+05,0,0,0,0
-4.8157,1.181,1.0638e+05,0,0,0,0
-4.7885,1.2283,1.0641e+05,0,0,0,0
-4.7372,1.2755,1.0645e+05,0,0,0,0
-4.7029,1.3228,1.0648e+05,0,0,0,0
-4.6714,1.37,1.0651e+05,0,0,0,0
-4.6453,1.4173,1.0655e+05,0,0,0,0
-4.6207,1.4645,1.0658e+05,0,0,0,0
-4.5799,1.5117,1.0661e+05,0,0,0,0
-4.5246,1.559,1.0665e+05,0,0,0,0
-4.4986,1.6062,1.0668e+05,0,0,0,0
-4.4705,1.6535,1.0671e+05,0,0,0,0
-4.4434,1.7007,1.0675e+05,0,0,0,0
-4.4175,1.748,1.0678e+05,0,0,0,0
-4.3964,1.7952,1.0681e+05,0,0,0,0
-4.3723,1.8424,1.0685e+05,0,0,0,0
-4.3502,1.8897,1.0688e+05,0,0,0,0
-4.3452,1.9369,1.0691e+05,0,0,0,0
-4.3244,1.9842,1.0695e+05,0,0,0,0
-4.3082,2.0314,1.0698e+05,0,0,0,0
-4.2925,2.0786,1.0701e+05,0,0,0,0
-4.2841,2.1259,1.0705e+05,0,0,0,0
-4.2718,2.1731,1.0708e+05,0,0,0,0
-4.257,2.2204,1.0711e+05,0,0,0,0
-4.2451,2.2676,1.0715e+05,0,0,0,0
-4.2345,2.3149,1.0718e+05,0,0,0,0
-4.2277,2.3621,1.0721e+05,0,0,0,0
-4.217,2.4093,1.0725e+05,0,0,0,0
-4.2088,2.4566,1.0728e+05,0,0,0,0
-4.2021,2.5038,1.0731e+05,0,0,0,0
-4.2014,2.5511,1.0735e+05,0,0,0,0
-4.1988,2.5983,1.0738e+05,0,0,0,0
-4.1981,2.6456,1.0741e+05,0,0,0,0
-4.2041,2.6928,1.0745e+05,0,0,0,0
-4.1986,2.74,1.0748e+05,0,0,0,0
-4.1999,2.7873,1.0751e+05,0,0,0,0
-4.1879,2.8345,1.0755e+05,0,0,0,0
-4.1496,2.8818,1.0758e+05,0,0,0,0
-4.1344,2.929,1.0761e+05,0,0,0,0
-4.1292,2.9762,1.0765e+05,0,0,0,0
-4.1166,3.0235,1.0768e+05,0,0,0,0
-4.1016,3.0707,1.0771e+05,0,0,0,0
-4.0901,3.118,1.0775e+05,0,0,0,0
-4.087,3.1652,1.0778e+05,0,0,0,0
-4.0807,3.2125,1.0781e+05,0,0,0,0
-4.0833,3.2597,1.0785e+05,0,0,0,0
-4.0835,3.3069,1.0788e+05,0,0,0,0
-4.0803,3.3542,1.0791e+05,0,0,0,0
-4.0807,3.4014,1.0795e+05,0,0,0,0
-4.0795,3.4487,1.0798e+05,0,0,0,0
-4.0755,3.4959,1.0801e+05,0,0,0,0
-4.0687,3.5431,1.0805e+05,0,0,0,0
-4.0645,3.5904,1.0808e+05,0,0,0,0
-4.0635,3.6376,1.0811e+05,0,0,0,0
-4.0642,3.6849,1.0815e+05,0,0,0,0
-4.0709,3.7321,1.0818e+05,0,0,0,0
-4.0787,3.7794,1.0821e+05,0,0,0,0
-4.0869,3.8266,1.0825e+05,0,0,0,0
-4.1215,3.8738,1.0828e+05,0,0,0,0
-4.1588,3.9211,1.0831e+05,0,0,0,0
-4.1892,3.9683,1.0835e+05,0,0,0,0
-4.2227,4.0156,1.0838e+05,0,0,0,0
-4.2483,4.0628,1.0841e+05,0,0,0,0
-4.2721,4.1101,1.0845e+05,0,0,0,0
-4.2847,4.1573,1.0848e+05,0,0,0,0
-4.2767,4.2045,1.0851e+05,0,0,0,0
-4.2907,4.2518,1.0855e+05,0,0,0,0
-4.3254,4.299,1.0858e+05,0,0,0,0
-4.3651,4.3463,1.0861e+05,0,0,0,0
-4.3921,4.3935,1.0865e+05,0,0,0,0
-4.4179,4.4407,1.0868e+05,0,0,0,0
-4.4401,4.488,1.0871e+05,0,0,0,0
-4.4687,4.5352,1.0875e+05,0,0,0,0
-4.5099,4.5825,1.0878e+05,0,0,0,0
-4.5461,4.6297,1.0881e+05,0,0,0,0
-4.5702,4.677,1.0885e+05,0,0,0,0
-4.6001,4.7242,1.0888e+05,0,0,0,0
-4.6253,4.7714,1.0891e+05,0,0,0,0
-4.6544,4.8187,1.0895e+05,0,0,0,0
-4.6836,4.8659,1.0898e+05,0,0,0,0
-4.7117,4.9132,1.0901e+05,0,0,0,0
-4.7413,4.9604,1.0905e+05,0,0,0,0
-4.7655,5.0077,1.0908e+05,0,0,0,0
-4.7957,5.0549,1.0911e+05,0,0,0,0
-4.8265,5.1021,1.0915e+05,0,0,0,0
-4.8566,5.1494,1.0918e+05,0,1,0,0
-4.8823,5.1966,1.0921e+05,0,1,0,0
-4.9068,5.2439,1.0925e+05,0,1,0,0
-4.9323,5.2911,1.0928e+05,0,1,0,0
-4.943,5.3383,1.0931e+05,0,1,0,0
-4.9669,5.3856,1.0935e+05,0,1,0,0
-4.9839,5.4328,1.0938e+05,0,1,0,0
-4.989,5.4801,1.0941e+05,0,1,0,0
-4.984,5.5273,1.0945e+05,0,1,0,0
-4.9927,5.5746,1.0948e+05,0,1,0,0
-5.0535,5.6218,1.0951e+05,0,1,0,0
-5.0794,5.669,1.0955e+05,0,1,0,0
-5.105,5.7163,1.0958e+05,0,1,0,0
-5.1517,5.7635,1.0962e+05,0,1,0,0
-5.1539,5.8108,1.0965e+05,0,1,0,0
-5.1965,5.858,1.0968e+05,0,1,0,0
-5.2178,5.9052,1.0972e+05,0,1,0,0
-5.2423,5.9525,1.0975e+05,0,1,0,0
-5.2466,5.9997,1.0978e+05,0,1,0,0
-5.2509,6.047,1.0982e+05,0,1,0,0
-5.2405,6.0942,1.0985e+05,0,1,0,0
-5.2728,6.1415,1.0988e+05,0,1,0,0
-5.2926,6.1887,1.0992e+05,0,1,0,0
-5.3025,6.2359,1.0995e+05,0,1,0,0
-5.3053,0,1.0998e+05,0,1,0,0
-5.306,0.0472,1.1002e+05,0,1,0,0
-5.3373,0.0945,1.1005e+05,0,1,0,0
-5.3447,0.1417,1.1008e+05,0,1,0,0
-5.3527,0.189,1.1012e+05,0,1,0,0
-5.3454,0.2362,1.1015e+05,0,1,0,0
-5.338,0.2835,1.1018e+05,0,1,0,0
-5.352,0.3307,1.1022e+05,0,1,0,0
-5.3466,0.3779,1.1025e+05,0,1,0,0
-5.3331,0.4252,1.1028e+05,0,1,0,0
-5.296,0.4724,1.1032e+05,0,1,0,0
-5.2728,0.5197,1.1035e+05,0,1,0,0
-5.2514,0.5669,1.1038e+05,0,1,0,0
-5.2243,0.6141,1.1042e+05,0,1,0,0
-5.1953,0.6614,1.1045e+05,0,1,0,0
-5.142,0.7086,1.1048e+05,0,1,0,0
-5.1051,0.7559,1.1052e+05,0,1,0,0
-5.08,0.8031,1.1055e+05,0,1,0,0
-5.0577,0.8504,1.1058e+05,0,1,0,0
-5.0228,0.8976,1.1062e+05,0,1,0,0
-4.9727,0.9448,1.1065e+05,0,1,0,0
-4.9189,0.9921,1.1068e+05,0,1,0,0
-4.8699,1.0393,1.1072e+05,0,1,0,0
-4.8265,1.0866,1.1075e+05,0,1,0,0
-4.7942,1.1338,1.1078e+05,0,1,0,0
-4.76,1.181,1.1082e+05,0,1,0,0
-4.7233,1.2283,1.1085e+05,0,1,0,0
-4.692,1.2755,1.1088e+05,0,1,0,0
-4.6441,1.3228,1.1092e+05,0,1,0,0
-4.6054,1.37,1.1095e+05,0,1,0,0
-4.5648,1.4173,1.1098e+05,0,1,0,0
-4.5273,1.4645,1.1102e+05,0,1,0,0
-4.5006,1.5117,1.1105e+05,0,1,0,0
-4.4829,1.559,1.1108e+05,0,1,0,0
-4.4768,1.6062,1.1112e+05,0,1,0,0
-4.4688,1.6535,1.1115e+05,0,1,0,0
-4.4525,1.7007,1.1118e+05,0,1,0,0
-4.4075,1.748,1.1122e+05,0,1,0,0
-4.3709,1.7952,1.1125e+05,0,1,0,0
-4.3529,1.8424,1.1128e+05,0,1,0,0
-4.336,1.8897,1.1132e+05,0,1,0,0
-4.3159,1.9369,1.1135e+05,0,1,0,0
-4.2974,1.9842,1.1138e+05,0,1,0,0
-4.277,2.0314,1.1142e+05,0,0,0,0
-4.2629,2.0786,1.1145e+05,0,0,0,0
-4.2534,2.1259,1.1148e+05,0,0,0,0
-4.2466,2.1731,1.1152e+05,0,0,0,0
-4.231,2.2204,1.1155e+05,0,0,0,0
-4.2202,2.2676,1.1158e+05,0,0,0,0
-4.2138,2.3149,1.1162e+05,0,0,0,0
-4.2038,2.3621,1.1165e+05,0,0,0,0
-4.1923,2.4093,1.1168e+05,0,0,0,0
-4.1894,2.4566,1.1172e+05,0,0,0,0
-4.1811,2.5038,1.1175e+05,0,0,0,0
-4.1763,2.5511,1.1178e+05,0,0,0,0
-4.1708,2.5983,1.1182e+05,0,0,0,0
-4.1626,2.6456,1.1185e+05,0,0,0,0
-4.1609,2.6928,1.1188e+05,0,0,0,0
-4.1636,2.74,1.1192e+05,0,0,0,0
-4.1621,2.7873,1.1195e+05,0,0,0,0
-4.1601,2.8345,1.1198e+05,0,0,0,0
-4.1715,2.8818,1.1202e+05,0,0,0,0
-4.1705,2.929,1.1205e+05,0,0,0,0
-4.1707,2.9762,1.1208e+05,0,0,0,0
-4.1686,3.0235,1.1212e+05,0,0,0,0
-4.1346,3.0707,1.1215e+05,0,0,0,0
-4.1151,3.118,1.1218e+05,0,0,0,0
-4.1006,3.1652,1.1222e+05,0,0,0,0
-4.0945,3.2125,1.1225e+05,0,0,0,0
-4.0838,3.2597,1.1228e+05,0,0,0,0
-4.074,3.3069,1.1232e+05,0,0,0,0
-4.0674,3.3542,1.1235e+05,0,0,0,0
-4.0602,3.4014,1.1238e+05,0,0,0,0
-4.0622,3.4487,1.1242e+05,0,0,0,0
-4.0684,3.4959,1.1245e+05,0,0,0,0
-4.0622,3.5431,1.1248e+05,0,0,0,0
-4.0591,3.5904,1.1252e+05,0,0,0,0
-4.0657,3.6376,1.1255e+05,0,0,0,0
-4.0642,3.6849,1.1258e+05,0,0,0,0
-4.0611,3.7321,1.1262e+05,0,0,0,0
-4.0578,3.7794,1.1265e+05,0,0,0,0
-4.0582,3.8266,1.1268e+05,0,0,0,0
-4.0602,3.8738,1.1272e+05,0,0,0,0
-4.064,3.9211,1.1275e+05,0,0,0,0
-4.0758,3.9683,1.1278e+05,0,0,0,0
-4.0852,4.0156,1.1282e+05,0,0,0,0
-4.1054,4.0628,1.1285e+05,0,0,0,0
-4.1311,4.1101,1.1289e+05,0,0,0,0
-4.1519,4.1573,1.1292e+05,0,0,0,0
-4.1819,4.2045,1.1295e+05,0,0,0,0
-4.214,4.2518,1.1299e+05,0,0,0,0
-4.237,4.299,1.1302e+05,0,0,0,0
-4.266,4.3463,1.1305e+05,0,0,0,0
-4.2648,4.3935,1.1309e+05,0,0,0,0
-4.2652,4.4407,1.1312e+05,0,0,0,0
-4.271,4.488,1.1315e+05,0,0,0,0
-4.2847,4.5352,1.1319e+05,0,0,0,0
-4.3009,4.5825,1.1322e+05,0,0,0,0
-4.3223,4.6297,1.1325e+05,0,0,0,0
-4.352,4.677,1.1329e+05,0,0,0,0
-4.3679,4.7242,1.1332e+05,0,0,0,0
-4.3973,4.7714,1.1335e+05,0,0,0,0
-4.4216,4.8187,1.1339e+05,0,0,0,0
-4.4359,4.8659,1.1342e+05,0,0,0,0
-4.4611,4.9132,1.1345e+05,0,0,0,0
-4.4864,4.9604,1.1349e+05,0,0,0,0
-4.516,5.0077,1.1352e+05,0,0,0,0
-4.5409,5.0549,1.1355e+05,0,0,0,0
-4.5633,5.1021,1.1359e+05,0,0,0,0
-4.5863,5.1494,1.1362e+05,0,0,0,0
-4.6076,5.1966,1.1365e+05,0,0,0,0
-4.6386,5.2439,1.1369e+05,0,0,0,0
-4.6647,5.2911,1.1372e+05,0,0,0,0
-4.6934,5.3383,1.1375e+05,0,0,0,0
-4.7168,5.3856,1.1379e+05,0,0,0,0
-4.7396,5.4328,1.1382e+05,0,0,0,0
-4.7676,5.4801,1.1385e+05,0,0,0,0
-4.8006,5.5273,1.1389e+05,0,0,0,0
-4.8245,5.5746,1.1392e+05,0,0,0,0
-4.8509,5.6218,1.1395e+05,0,0,0,0
-4.8615,5.669,1.1399e+05,0,0,0,0
-4.864,5.7163,1.1402e+05,0,0,0,0
-4.8771,5.7635,1.1405e+05,0,0,0,0
-4.8916,5.8108,1.1409e+05,0,0,0,0
-4.908,5.858,1.1412e+05,0,0,0,0
-4.9256,5.9052,1.1415e+05,0,0,0,0
-4.9441,5.9525,1.1419e+05,0,0,0,0
-4.9611,5.9997,1.1422e+05,0,0,0,0
-4.9838,6.047,1.1425e+05,0,0,0,0
-5.0098,6.0942,1.1429e+05,0,0,0,0
-5.0208,6.1415,1.1432e+05,0,0,0,0
-5.028,6.1887,1.1435e+05,0,0,0,0
-5.0397,6.2359,1.1439e+05,0,0,0,0
-5.0518,0,1.1442e+05,0,0,0,0
-5.0632,0.048,1.1445e+05,0,0,0,0
-5.0745,0.0959,1.1449e+05,0,0,0,0
-5.0837,0.1439,1.1452e+05,0,0,0,0
-5.0851,0.1919,1.1455e+05,0,0,0,0
-5.0818,0.2398,1.1459e+05,0,0,0,0
-5.0814,0.2878,1.1462e+05,0,0,0,0
-5.0846,0.3357,1.1465e+05,0,0,0,0
-5.079,0.3837,1.1469e+05,0,0,0,0
-5.0603,0.4317,1.1472e+05,0,0,0,0
-5.0344,0.4796,1.1475e+05,0,0,0,0
-5.0023,0.5276,1.1479e+05,0,0,0,0
-4.9619,0.5756,1.1482e+05,0,0,0,0
-4.9404,0.6235,1.1485e+05,0,0,0,0
-4.911,0.6715,1.1489e+05,0,0,0,0
-4.867,0.7194,1.1492e+05,0,0,0,0
-4.8254,0.7674,1.1495e+05,0,0,0,0
-4.7897,0.8154,1.1499e+05,0,0,0,0
-4.7587,0.8633,1.1502e+05,0,0,0,0
-4.7277,0.9113,1.1505e+05,0,0,0,0
-4.6966,0.9593,1.1509e+05,0,0,0,0
-4.6543,1.0072,1.1512e+05,0,0,0,0
-4.6219,1.0552,1.1515e+05,0,0,0,0
-4.6004,1.1032,1.1519e+05,0,0,0,0
-4.5652,1.1511,1.1522e+05,0,0,0,0
-4.526,1.1991,1.1525e+05,0,0,0,0
-4.4981,1.247,1.1529e+05,0,0,0,0
-4.4655,1.295,1.1532e+05,0,0,0,0
-4.4345,1.343,1.1535e+05,0,0,0,0
-4.4152,1.3909,1.1539e+05,0,0,0,0
-4.3997,1.4389,1.1542e+05,0,0,0,0
-4.3731,1.4869,1.1545e+05,0,0,0,0
-4.3643,1.5348,1.1549e+05,0,0,0,0
-4.3448,1.5828,1.1552e+05,0,0,0,0
-4.3282,1.6308,1.1555e+05,0,0,0,0
-4.3204,1.6787,1.1559e+05,0,0,0,0
-4.3184,1.7267,1.1562e+05,0,0,0,0
-4.3102,1.7746,1.1565e+05,0,0,0,0
-4.3081,1.8226,1.1569e+05,0,0,0,0
-4.3074,1.8706,1.1572e+05,0,0,0,0
-4.299,1.9185,1.1575e+05,0,0,0,0
-4.2936,1.9665,1.1579e+05,0,0,0,0
-4.2773,2.0145,1.1582e+05,0,0,0,0
-4.2349,2.0624,1.1585e+05,0,0,0,0
-4.2207,2.1104,1.1589e+05,0,0,0,0
-4.2117,2.1583,1.1592e+05,0,0,0,0
-4.1965,2.2063,1.1596e+05,0,0,0,0
-4.1852,2.2543,1.1599e+05,0,0,0,0
-4.1746,2.3022,1.1602e+05,0,0,0,0
-4.1634,2.3502,1.1605e+05,0,0,0,0
-4.1523,2.3982,1.1609e+05,0,0,0,0
-4.156,2.4461,1.1612e+05,0,0,0,0
-4.1535,2.4941,1.1616e+05,0,0,0,0
-4.1443,2.5421,1.1619e+05,0,0,0,0
-4.1425,2.59,1.1622e+05,0,0,0,0
-4.1405,2.638,1.1626e+05,0,0,0,0
-4.1368,2.6859,1.1629e+05,0,0,0,0
-4.1308,2.7339,1.1632e+05,0,0,0,0
-4.1296,2.7819,1.1636e+05,0,0,0,0
-4.1246,2.8298,1.1639e+05,0,0,0,0
-4.1231,2.8778,1.1642e+05,0,0,0,0
-4.1217,2.9258,1.1646e+05,0,0,0,0
-4.1173,2.9737,1.1649e+05,0,0,0,0
-4.1158,3.0217,1.1652e+05,0,0,0,0
-4.1241,3.0696,1.1656e+05,0,0,0,0
-4.1235,3.1176,1.1659e+05,0,0,0,0
-4.127,3.1656,1.1662e+05,0,0,0,0
-4.1302,3.2135,1.1666e+05,0,0,0,0
-4.1313,3.2615,1.1669e+05,0,0,0,0
-4.1396,3.3095,1.1672e+05,0,0,0,0
-4.1336,3.3574,1.1676e+05,0,0,0,0
-4.1065,3.4054,1.1679e+05,0,0,0,0
-4.0901,3.4534,1.1682e+05,0,0,0,0
-4.0843,3.5013,1.1686e+05,0,0,0,0
-4.0808,3.5493,1.1689e+05,0,0,0,0
-4.0744,3.5972,1.1692e+05,0,0,0,0
-4.0778,3.6452,1.1696e+05,0,0,0,0
-4.091,3.6932,1.1699e+05,0,0,0,0
-4.1049,3.7411,1.1702e+05,0,0,0,0
-4.1295,3.7891,1.1706e+05,0,0,0,0
-4.1487,3.8371,1.1709e+05,0,0,0,0
-4.1706,3.885,1.1712e+05,0,0,0,0
-4.1951,3.933,1.1716e+05,0,0,0,0
-4.2328,3.9809,1.1719e+05,0,1,0,0
-4.2587,4.0289,1.1722e+05,0,1,0,0
-4.2796,4.0769,1.1726e+05,0,1,0,0
-4.3111,4.1248,1.1729e+05,0,1,0,0
-4.3349,4.1728,1.1732e+05,0,1,0,0
-4.3626,4.2208,1.1736e+05,0,1,0,0
-4.3876,4.2687,1.1739e+05,0,1,0,0
-4.4166,4.3167,1.1742e+05,0,1,0,0
-4.4583,4.3647,1.1746e+05,0,1,0,0
-4.4925,4.4126,1.1749e+05,0,1,0,0
-4.5211,4.4606,1.1752e+05,0,1,0,0
-4.5459,4.5085,1.1756e+05,0,1,0,0
-4.5798,4.5565,1.1759e+05,0,1,0,0
-4.6135,4.6045,1.1762e+05,0,1,0,0
-4.6435,4.6524,1.1766e+05,0,1,0,0
-4.6698,4.7004,1.1769e+05,0,1,0,0
-4.6743,4.7484,1.1772e+05,0,1,0,0
-4.6826,4.7963,1.1776e+05,0,1,0,0
-4.6994,4.8443,1.1779e+05,0,1,0,0
-4.7233,4.8923,1.1782e+05,0,1,0,0
-4.7468,4.9402,1.1786e+05,0,1,0,0
-4.7683,4.9882,1.1789e+05,0,1,0,0
-4.7911,5.0361,1.1792e+05,0,1,0,0
-4.8173,5.0841,1.1796e+05,0,1,0,0
-4.853,5.1321,1.1799e+05,0,1,0,0
-4.8789,5.18,1.1802e+05,0,1,0,0
-4.9031,5.228,1.1806e+05,0,1,0,0
-4.9224,5.276,1.1809e+05,0,1,0,0
-4.9501,5.3239,1.1812e+05,0,1,0,0
-4.9791,5.3719,1.1816e+05,0,1,0,0
-5.0126,5.4198,1.1819e+05,0,1,0,0
-5.0343,5.4678,1.1822e+05,0,1,0,0
-5.0614,5.5158,1.1826e+05,0,1,0,0
-5.0879,5.5637,1.1829e+05,0,1,0,0
-5.1174,5.6117,1.1832e+05,0,1,0,0
-5.1293,5.6597,1.1836e+05,0,1,0,0
-5.1491,5.7076,1.1839e+05,0,1,0,0
-5.164,5.7556,1.1842e+05,0,1,0,0
-5.1813,5.8036,1.1846e+05,0,1,0,0
-5.2113,5.8515,1.1849e+05,0,1,0,0
-5.2253,5.8995,1.1852e+05,0,1,0,0
-5.2435,5.9474,1.1856e+05,0,1,0,0
-5.2629,5.9954,1.1859e+05,0,1,0,0
-5.269,6.0434,1.1862e+05,0,1,0,0
-5.2787,6.0913,1.1866e+05,0,1,0,0
-5.3016,6.1393,1.1869e+05,0,1,0,0
-5.3177,6.1873,1.1872e+05,0,1,0,0
-5.3359,6.2352,1.1876e+05,0,1,0,0
-5.3459,0,1.1879e+05,0,1,0,0
-5.3561,0.0503,1.1882e+05,0,1,0,0
-5.361,0.1005,1.1886e+05,0,1,0,0
-5.3704,0.1508,1.1889e+05,0,1,0,0
-5.3798,0.2011,1.1892e+05,0,1,0,0
-5.3826,0.2513,1.1896e+05,0,1,0,0
-5.378,0.3016,1.1899e+05,0,1,0,0
-5.3657,0.3519,1.1902e+05,0,1,0,0
-5.3504,0.4021,1.1906e+05,0,1,0,0
-5.3246,0.4524,1.1909e+05,0,1,0,0
-5.3073,0.5027,1.1912e+05,0,1,0,0
-5.2788,0.5529,1.1916e+05,0,1,0,0
-5.24,0.6032,1.1919e+05,0,1,0,0
-5.2091,0.6535,1.1922e+05,0,1,0,0
-5.1748,0.7037,1.1926e+05,0,1,0,0
-5.1321,0.754,1.1929e+05,0,1,0,0
-5.0937,0.8042,1.1933e+05,0,1,0,0
-5.0533,0.8545,1.1936e+05,0,1,0,0
-5.0195,0.9048,1.1939e+05,0,1,0,0
-4.9886,0.955,1.1943e+05,0,1,0,0
-4.9394,1.0053,1.1946e+05,0,1,0,0
-4.9058,1.0556,1.1949e+05,0,1,0,0
-4.8454,1.1058,1.1953e+05,0,1,0,0
-4.8007,1.1561,1.1956e+05,0,1,0,0
-4.7664,1.2064,1.1959e+05,0,1,0,0
-4.7299,1.2566,1.1963e+05,0,1,0,0
-4.7025,1.3069,1.1966e+05,0,1,0,0
-4.6691,1.3572,1.1969e+05,0,1,0,0
-4.6309,1.4074,1.1973e+05,0,1,0,0
-4.6002,1.4577,1.1976e+05,0,1,0,0
-4.5698,1.508,1.1979e+05,0,1,0,0
-4.5524,1.5582,1.1983e+05,0,1,0,0
-4.5229,1.6085,1.1986e+05,0,1,0,0
-4.4901,1.6588,1.1989e+05,0,1,0,0
-4.4671,1.709,1.1993e+05,0,1,0,0
-4.4364,1.7593,1.1996e+05,0,1,0,0
-4.4192,1.8096,1.1999e+05,0,1,0,0
-4.4063,1.8598,1.2003e+05,0,1,0,0
-4.388,1.9101,1.2006e+05,0,1,0,0
-4.3728,1.9604,1.2009e+05,0,1,0,0
-4.3641,2.0106,1.2013e+05,0,1,0,0
-4.3463,2.0609,1.2016e+05,0,1,0,0
-4.3345,2.1112,1.2019e+05,0,1,0,0
-4.3255,2.1614,1.2023e+05,0,1,0,0
-4.3228,2.2117,1.2026e+05,0,1,0,0
-4.3175,2.2619,1.2029e+05,0,1,0,0
-4.3176,2.3122,1.2033e+05,0,1,0,0
-4.3183,2.3625,1.2036e+05,0,1,0,0
-4.3143,2.4127,1.2039e+05,0,1,0,0
-4.3141,2.463,1.2043e+05,0,1,0,0
-4.288,2.5133,1.2046e+05,0,1,0,0
-4.2513,2.5635,1.2049e+05,0,1,0,0
-4.2407,2.6138,1.2053e+05,0,1,0,0
-4.228,2.6641,1.2056e+05,0,1,0,0
-4.2179,2.7143,1.2059e+05,0,1,0,0
-4.2056,2.7646,1.2063e+05,0,1,0,0
-4.1931,2.8149,1.2066e+05,0,1,0,0
-4.1798,2.8651,1.2069e+05,0,1,0,0
-4.1716,2.9154,1.2073e+05,0,1,0,0
-4.1706,2.9657,1.2076e+05,0,1,0,0
-4.1552,3.0159,1.2079e+05,0,1,0,0
-4.1472,3.0662,1.2083e+05,0,1,0,0
-4.1431,3.1165,1.2086e+05,0,1,0,0
-4.1385,3.1667,1.2089e+05,0,1,0,0
-4.1334,3.217,1.2093e+05,0,1,0,0
-4.1315,3.2673,1.2096e+05,0,1,0,0
-4.1274,3.3175,1.2099e+05,0,1,0,0
-4.1239,3.3678,1.2103e+05,0,1,0,0
-4.1186,3.4181,1.2106e+05,0,1,0,0
-4.1175,3.4683,1.2109e+05,0,1,0,0
-4.1198,3.5186,1.2113e+05,0,1,0,0
-4.1212,3.5688,1.2116e+05,0,1,0,0
-4.1296,3.6191,1.2119e+05,0,1,0,0
-4.1331,3.6694,1.2123e+05,0,1,0,0
-4.1373,3.7196,1.2126e+05,0,1,0,0
-4.1436,3.7699,1.2129e+05,0,1,0,0
-4.1467,3.8202,1.2133e+05,0,1,0,0
-4.157,3.8704,1.2136e+05,0,1,0,0
-4.1474,3.9207,1.2139e+05,0,1,0,0
-4.1311,3.971,1.2143e+05,0,1,0,0
-4.1367,4.0212,1.2146e+05,0,1,0,0
-4.1461,4.0715,1.2149e+05,0,1,0,0
-4.1658,4.1218,1.2153e+05,0,1,0,0
-4.1835,4.172,1.2156e+05,0,1,0,0
-4.2001,4.2223,1.2159e+05,0,1,0,0
-4.2254,4.2726,1.2163e+05,0,1,0,0
-4.2586,4.3228,1.2166e+05,0,1,0,0
-4.2944,4.3731,1.2169e+05,0,1,0,0
-4.3265,4.4234,1.2173e+05,0,1,0,0
-4.3535,4.4736,1.2176e+05,0,1,0,0
-4.3676,4.5239,1.2179e+05,0,1,0,0
-4.3907,4.5742,1.2183e+05,0,1,0,0
-4.421,4.6244,1.2186e+05,0,1,0,0
-4.4524,4.6747,1.2189e+05,0,1,0,0
-4.4788,4.725,1.2193e+05,0,1,0,0
-4.506,4.7752,1.2196e+05,0,1,0,0
-4.5337,4.8255,1.2199e+05,0,1,0,0
-4.5619,4.8758,1.2203e+05,0,1,0,0
-4.5924,4.926,1.2206e+05,0,1,0,0
-4.6365,4.9763,1.2209e+05,0,1,0,0
-4.6585,5.0265,1.2213e+05,0,1,0,0
-4.6785,5.0768,1.2216e+05,0,1,0,0
-4.7108,5.1271,1.2219e+05,0,1,0,0
-4.7489,5.1773,1.2223e+05,0,1,0,0
-4.7734,5.2276,1.2226e+05,0,1,0,0
-4.8045,5.2779,1.223e+05,0,1,0,0
-4.8127,5.3281,1.2233e+05,0,1,0,0
-4.8193,5.3784,1.2236e+05,0,1,0,0
-4.8496,5.4287,1.2239e+05,0,1,0,0
-4.8653,5.4789,1.2243e+05,0,1,0,0
-4.8852,5.5292,1.2246e+05,0,1,0,0
-4.9112,5.5795,1.2249e+05,0,1,0,0
-4.9238,5.6297,1.2253e+05,0,1,0,0
-4.9498,5.68,1.2256e+05,0,1,0,0
-4.9753,5.7303,1.226e+05,0,1,0,0
-5.0116,5.7805,1.2263e+05,0,1,0,0
-5.0261,5.8308,1.2266e+05,0,1,0,0
-5.0388,5.8811,1.227e+05,0,1,0,0
-5.0565,5.9313,1.2273e+05,0,1,0,0
-5.0739,5.9816,1.2276e+05,0,1,0,0
-5.0858,6.0319,1.228e+05,0,1,0,0
-5.0993,6.0821,1.2283e+05,0,1,0,0
-5.1181,6.1324,1.2286e+05,0,1,0,0
-5.1299,6.1827,1.229e+05,0,1,0,0
-5.1348,6.2329,1.2293e+05,0,1,0,0
-5.1401,0,1.2296e+05,0,1,0,0
-5.1508,0.0503,1.23e+05,0,1,0,0
-5.1548,0.1005,1.2303e+05,0,1,0,0
-5.1548,0.1508,1.2306e+05,0,1,0,0
-5.1723,0.2011,1.231e+05,0,1,0,0
-5.1754,0.2513,1.2313e+05,0,1,0,0
-5.173,0.3016,1.2316e+05,0,1,0,0
-5.1616,0.3519,1.232e+05,0,1,0,0
-5.1282,0.4021,1.2323e+05,0,1,0,0
-5.0961,0.4524,1.2326e+05,0,1,0,0
-5.0717,0.5027,1.233e+05,0,1,0,0
-5.0434,0.5529,1.2333e+05,0,1,0,0
-5.0167,0.6032,1.2336e+05,0,1,0,0
-4.9868,0.6535,1.234e+05,0,1,0,0
-4.96,0.7037,1.2343e+05,0,1,0,0
-4.9224,0.754,1.2346e+05,0,1,0,0
-4.8984,0.8042,1.235e+05,0,1,0,0
-4.8814,0.8545,1.2353e+05,0,1,0,0
-4.8539,0.9048,1.2356e+05,0,1,0,0
-4.8183,0.955,1.236e+05,0,1,0,0
-4.7858,1.0053,1.2363e+05,0,1,0,0
-4.7466,1.0556,1.2366e+05,0,1,0,0
-4.7169,1.1058,1.237e+05,0,1,0,0
-4.6906,1.1561,1.2373e+05,0,1,0,0
-4.6725,1.2064,1.2376e+05,0,1,0,0
-4.6457,1.2566,1.238e+05,0,1,0,0
-4.6074,1.3069,1.2383e+05,0,1,0,0
-4.5676,1.3572,1.2386e+05,0,1,0,0
-4.533,1.4074,1.239e+05,0,1,0,0
-4.5068,1.4577,1.2393e+05,0,1,0,0
-4.4786,1.508,1.2396e+05,0,1,0,0
-4.4622,1.5582,1.24e+05,0,1,0,0
-4.443,1.6085,1.2403e+05,0,1,0,0
-4.4401,1.6588,1.2406e+05,0,1,0,0
-4.4332,1.709,1.241e+05,0,1,0,0
-4.4329,1.7593,1.2413e+05,0,1,0,0
-4.4119,1.8096,1.2416e+05,0,1,0,0
-4.3761,1.8598,1.242e+05,0,1,0,0
-4.3635,1.9101,1.2423e+05,0,1,0,0
-4.342,1.9604,1.2426e+05,0,1,0,0
-4.3356,2.0106,1.243e+05,0,1,0,0
-4.3201,2.0609,1.2433e+05,0,1,0,0
-4.3075,2.1112,1.2436e+05,0,1,0,0
-4.2838,2.1614,1.244e+05,0,1,0,0
-4.2718,2.2117,1.2443e+05,0,1,0,0
-4.2718,2.2619,1.2446e+05,0,1,0,0
-4.268,2.3122,1.245e+05,0,1,0,0
-4.2482,2.3625,1.2453e+05,0,1,0,0
-4.2449,2.4127,1.2456e+05,0,1,0,0
-4.2425,2.463,1.246e+05,0,1,0,0
-4.232,2.5133,1.2463e+05,0,1,0,0
-4.224,2.5635,1.2466e+05,0,1,0,0
-4.2208,2.6138,1.247e+05,0,1,0,0
-4.2175,2.6641,1.2473e+05,0,1,0,0
-4.2094,2.7143,1.2476e+05,0,1,0,0
-4.2026,2.7646,1.248e+05,0,1,0,0
-4.1958,2.8149,1.2483e+05,0,1,0,0
-4.192,2.8651,1.2486e+05,0,1,0,0
-4.1879,2.9154,1.249e+05,0,1,0,0
-4.192,2.9657,1.2493e+05,0,1,0,0
-4.1905,3.0159,1.2496e+05,0,1,0,0
-4.1943,3.0662,1.25e+05,0,1,0,0
-4.1936,3.1165,1.2503e+05,0,1,0,0
-4.1877,3.1667,1.2506e+05,0,1,0,0
-4.1891,3.217,1.251e+05,0,1,0,0
-4.174,3.2673,1.2513e+05,0,1,0,0
-4.138,3.3175,1.2516e+05,0,1,0,0
-4.126,3.3678,1.252e+05,0,1,0,0
-4.1236,3.4181,1.2523e+05,0,1,0,0
-4.1268,3.4683,1.2526e+05,0,1,0,0
-4.1311,3.5186,1.253e+05,0,1,0,0
-4.1447,3.5688,1.2533e+05,0,1,0,0
-4.1579,3.6191,1.2536e+05,0,1,0,0
-4.1788,3.6694,1.254e+05,0,1,0,0
-4.2148,3.7196,1.2543e+05,0,1,0,0
-4.2398,3.7699,1.2546e+05,0,1,0,0
-4.2625,3.8202,1.255e+05,0,1,0,0
